iso3,Territorio,cod_local,anio,zona,etnia,valor
COL,Altos del Sol,NA,2016,periurbano,Indígena,0.6282
COL,Altos del Sol,NA,2016,periurbano,No indígena,0.5482
COL,Altos del Sol,NA,2016,periurbano,Total,0.5726
COL,Altos del Sol,NA,2017,periurbano,Indígena,0.6604
COL,Altos del Sol,NA,2017,periurbano,No indígena,0.5804
COL,Altos del Sol,NA,2017,periurbano,Total,0.6047
COL,Altos del Sol,NA,2018,periurbano,Indígena,0.6848
COL,Altos del Sol,NA,2018,periurbano,No indígena,0.6048
COL,Altos del Sol,NA,2018,periurbano,Total,0.6292
COL,Altos del Sol,NA,2019,periurbano,Indígena,0.7341
COL,Altos del Sol,NA,2019,periurbano,No indígena,0.6541
COL,Altos del Sol,NA,2019,periurbano,Total,0.6785
COL,Altos del Sol,NA,2020,periurbano,Indígena,0.8047
COL,Altos del Sol,NA,2020,periurbano,No indígena,0.7247
COL,Altos del Sol,NA,2020,periurbano,Total,0.7489
COL,Altos del Sol,NA,2021,periurbano,Indígena,0.6333
COL,Altos del Sol,NA,2021,periurbano,No indígena,0.5533
COL,Altos del Sol,NA,2021,periurbano,Total,0.5775
COL,Altos del Sol,NA,2022,periurbano,Indígena,0.6821
COL,Altos del Sol,NA,2022,periurbano,No indígena,0.6021
COL,Altos del Sol,NA,2022,periurbano,Total,0.6258
COL,Altos del Sol,NA,2023,periurbano,Indígena,0.7819
COL,Altos del Sol,NA,2023,periurbano,No indígena,0.7019
COL,Altos del Sol,NA,2023,periurbano,Total,0.7256
COL,Altos del Sol,NA,2024,periurbano,Indígena,0.6987
COL,Altos del Sol,NA,2024,periurbano,No indígena,0.6187
COL,Altos del Sol,NA,2024,periurbano,Total,0.6423
COL,Altos del Sol,NA,2025,periurbano,Indígena,0.792
COL,Altos del Sol,NA,2025,periurbano,No indígena,0.712
COL,Altos del Sol,NA,2025,periurbano,Total,0.7356
COL,Bosques del Valle,NA,2016,periurbano,Indígena,0.4523
COL,Bosques del Valle,NA,2016,periurbano,No indígena,0.3723
COL,Bosques del Valle,NA,2016,periurbano,Total,0.3961
COL,Bosques del Valle,NA,2017,periurbano,Indígena,0.4034
COL,Bosques del Valle,NA,2017,periurbano,No indígena,0.3234
COL,Bosques del Valle,NA,2017,periurbano,Total,0.3472
COL,Bosques del Valle,NA,2018,periurbano,Indígena,0.385
COL,Bosques del Valle,NA,2018,periurbano,No indígena,0.305
COL,Bosques del Valle,NA,2018,periurbano,Total,0.3293
COL,Bosques del Valle,NA,2019,periurbano,Indígena,0.2556
COL,Bosques del Valle,NA,2019,periurbano,No indígena,0.1756
COL,Bosques del Valle,NA,2019,periurbano,Total,0.1999
COL,Bosques del Valle,NA,2020,periurbano,Indígena,0.2223
COL,Bosques del Valle,NA,2020,periurbano,No indígena,0.1423
COL,Bosques del Valle,NA,2020,periurbano,Total,0.1665
COL,Bosques del Valle,NA,2021,periurbano,Indígena,0.2855
COL,Bosques del Valle,NA,2021,periurbano,No indígena,0.2055
COL,Bosques del Valle,NA,2021,periurbano,Total,0.2292
COL,Bosques del Valle,NA,2022,periurbano,Indígena,0.3346
COL,Bosques del Valle,NA,2022,periurbano,No indígena,0.2546
COL,Bosques del Valle,NA,2022,periurbano,Total,0.2789
COL,Bosques del Valle,NA,2023,periurbano,Indígena,0.4178
COL,Bosques del Valle,NA,2023,periurbano,No indígena,0.3378
COL,Bosques del Valle,NA,2023,periurbano,Total,0.3615
COL,Bosques del Valle,NA,2024,periurbano,Indígena,0.5017
COL,Bosques del Valle,NA,2024,periurbano,No indígena,0.4217
COL,Bosques del Valle,NA,2024,periurbano,Total,0.4454
COL,Bosques del Valle,NA,2025,periurbano,Indígena,0.4145
COL,Bosques del Valle,NA,2025,periurbano,No indígena,0.3345
COL,Bosques del Valle,NA,2025,periurbano,Total,0.3582
COL,Colinas del Valle,NA,2016,rural,Indígena,0.9
COL,Colinas del Valle,NA,2016,rural,No indígena,0.8273
COL,Colinas del Valle,NA,2016,rural,Total,0.8599
COL,Colinas del Valle,NA,2017,rural,Indígena,0.9
COL,Colinas del Valle,NA,2017,rural,No indígena,0.8972
COL,Colinas del Valle,NA,2017,rural,Total,0.8984
COL,Colinas del Valle,NA,2018,rural,Indígena,0.8581
COL,Colinas del Valle,NA,2018,rural,No indígena,0.7781
COL,Colinas del Valle,NA,2018,rural,Total,0.8153
COL,Colinas del Valle,NA,2019,rural,Indígena,0.9
COL,Colinas del Valle,NA,2019,rural,No indígena,0.8512
COL,Colinas del Valle,NA,2019,rural,Total,0.8738
COL,Colinas del Valle,NA,2020,rural,Indígena,0.8592
COL,Colinas del Valle,NA,2020,rural,No indígena,0.7792
COL,Colinas del Valle,NA,2020,rural,Total,0.8161
COL,Colinas del Valle,NA,2021,rural,Indígena,0.7186
COL,Colinas del Valle,NA,2021,rural,No indígena,0.6386
COL,Colinas del Valle,NA,2021,rural,Total,0.6741
COL,Colinas del Valle,NA,2022,rural,Indígena,0.872
COL,Colinas del Valle,NA,2022,rural,No indígena,0.792
COL,Colinas del Valle,NA,2022,rural,Total,0.8276
COL,Colinas del Valle,NA,2023,rural,Indígena,0.7274
COL,Colinas del Valle,NA,2023,rural,No indígena,0.6474
COL,Colinas del Valle,NA,2023,rural,Total,0.683
COL,Colinas del Valle,NA,2024,rural,Indígena,0.7133
COL,Colinas del Valle,NA,2024,rural,No indígena,0.6333
COL,Colinas del Valle,NA,2024,rural,Total,0.6688
COL,Colinas del Valle,NA,2025,rural,Indígena,0.6218
COL,Colinas del Valle,NA,2025,rural,No indígena,0.5418
COL,Colinas del Valle,NA,2025,rural,Total,0.5773
COL,El Carmen,NA,2016,periurbano,Indígena,0.5547
COL,El Carmen,NA,2016,periurbano,No indígena,0.4747
COL,El Carmen,NA,2016,periurbano,Total,0.4986
COL,El Carmen,NA,2017,periurbano,Indígena,0.5717
COL,El Carmen,NA,2017,periurbano,No indígena,0.4917
COL,El Carmen,NA,2017,periurbano,Total,0.5159
COL,El Carmen,NA,2018,periurbano,Indígena,0.5339
COL,El Carmen,NA,2018,periurbano,No indígena,0.4539
COL,El Carmen,NA,2018,periurbano,Total,0.4782
COL,El Carmen,NA,2019,periurbano,Indígena,0.6327
COL,El Carmen,NA,2019,periurbano,No indígena,0.5527
COL,El Carmen,NA,2019,periurbano,Total,0.577
COL,El Carmen,NA,2020,periurbano,Indígena,0.5764
COL,El Carmen,NA,2020,periurbano,No indígena,0.4964
COL,El Carmen,NA,2020,periurbano,Total,0.5211
COL,El Carmen,NA,2021,periurbano,Indígena,0.67
COL,El Carmen,NA,2021,periurbano,No indígena,0.59
COL,El Carmen,NA,2021,periurbano,Total,0.6142
COL,El Carmen,NA,2022,periurbano,Indígena,0.525
COL,El Carmen,NA,2022,periurbano,No indígena,0.445
COL,El Carmen,NA,2022,periurbano,Total,0.4687
COL,El Carmen,NA,2023,periurbano,Indígena,0.5607
COL,El Carmen,NA,2023,periurbano,No indígena,0.4807
COL,El Carmen,NA,2023,periurbano,Total,0.5044
COL,El Carmen,NA,2024,periurbano,Indígena,0.6107
COL,El Carmen,NA,2024,periurbano,No indígena,0.5307
COL,El Carmen,NA,2024,periurbano,Total,0.5544
COL,El Carmen,NA,2025,periurbano,Indígena,0.53
COL,El Carmen,NA,2025,periurbano,No indígena,0.45
COL,El Carmen,NA,2025,periurbano,Total,0.4737
COL,El Edén,NA,2016,periurbano,Indígena,0.4349
COL,El Edén,NA,2016,periurbano,No indígena,0.3549
COL,El Edén,NA,2016,periurbano,Total,0.3787
COL,El Edén,NA,2017,periurbano,Indígena,0.5276
COL,El Edén,NA,2017,periurbano,No indígena,0.4476
COL,El Edén,NA,2017,periurbano,Total,0.4719
COL,El Edén,NA,2018,periurbano,Indígena,0.51
COL,El Edén,NA,2018,periurbano,No indígena,0.43
COL,El Edén,NA,2018,periurbano,Total,0.4544
COL,El Edén,NA,2019,periurbano,Indígena,0.4764
COL,El Edén,NA,2019,periurbano,No indígena,0.3964
COL,El Edén,NA,2019,periurbano,Total,0.4208
COL,El Edén,NA,2020,periurbano,Indígena,0.5317
COL,El Edén,NA,2020,periurbano,No indígena,0.4517
COL,El Edén,NA,2020,periurbano,Total,0.4759
COL,El Edén,NA,2021,periurbano,Indígena,0.5255
COL,El Edén,NA,2021,periurbano,No indígena,0.4455
COL,El Edén,NA,2021,periurbano,Total,0.4692
COL,El Edén,NA,2022,periurbano,Indígena,0.5176
COL,El Edén,NA,2022,periurbano,No indígena,0.4376
COL,El Edén,NA,2022,periurbano,Total,0.4619
COL,El Edén,NA,2023,periurbano,Indígena,0.4874
COL,El Edén,NA,2023,periurbano,No indígena,0.4074
COL,El Edén,NA,2023,periurbano,Total,0.4311
COL,El Edén,NA,2024,periurbano,Indígena,0.4808
COL,El Edén,NA,2024,periurbano,No indígena,0.4008
COL,El Edén,NA,2024,periurbano,Total,0.4244
COL,El Edén,NA,2025,periurbano,Indígena,0.5783
COL,El Edén,NA,2025,periurbano,No indígena,0.4983
COL,El Edén,NA,2025,periurbano,Total,0.5219
COL,El Mirador,NA,2016,rural,Indígena,0.9
COL,El Mirador,NA,2016,rural,No indígena,0.8726
COL,El Mirador,NA,2016,rural,Total,0.8847
COL,El Mirador,NA,2017,rural,Indígena,0.8365
COL,El Mirador,NA,2017,rural,No indígena,0.7565
COL,El Mirador,NA,2017,rural,Total,0.7918
COL,El Mirador,NA,2018,rural,Indígena,0.6964
COL,El Mirador,NA,2018,rural,No indígena,0.6164
COL,El Mirador,NA,2018,rural,Total,0.6516
COL,El Mirador,NA,2019,rural,Indígena,0.772
COL,El Mirador,NA,2019,rural,No indígena,0.692
COL,El Mirador,NA,2019,rural,Total,0.7284
COL,El Mirador,NA,2020,rural,Indígena,0.7076
COL,El Mirador,NA,2020,rural,No indígena,0.6276
COL,El Mirador,NA,2020,rural,Total,0.6637
COL,El Mirador,NA,2021,rural,Indígena,0.6613
COL,El Mirador,NA,2021,rural,No indígena,0.5813
COL,El Mirador,NA,2021,rural,Total,0.6176
COL,El Mirador,NA,2022,rural,Indígena,0.5387
COL,El Mirador,NA,2022,rural,No indígena,0.4587
COL,El Mirador,NA,2022,rural,Total,0.4951
COL,El Mirador,NA,2023,rural,Indígena,0.7231
COL,El Mirador,NA,2023,rural,No indígena,0.6431
COL,El Mirador,NA,2023,rural,Total,0.6794
COL,El Mirador,NA,2024,rural,Indígena,0.8745
COL,El Mirador,NA,2024,rural,No indígena,0.7945
COL,El Mirador,NA,2024,rural,Total,0.8309
COL,El Mirador,NA,2025,rural,Indígena,0.6769
COL,El Mirador,NA,2025,rural,No indígena,0.5969
COL,El Mirador,NA,2025,rural,Total,0.6333
COL,El Porvenir,NA,2016,rural,Indígena,0.7641
COL,El Porvenir,NA,2016,rural,No indígena,0.6841
COL,El Porvenir,NA,2016,rural,Total,0.7203
COL,El Porvenir,NA,2017,rural,Indígena,0.7661
COL,El Porvenir,NA,2017,rural,No indígena,0.6861
COL,El Porvenir,NA,2017,rural,Total,0.7222
COL,El Porvenir,NA,2018,rural,Indígena,0.9
COL,El Porvenir,NA,2018,rural,No indígena,0.8359
COL,El Porvenir,NA,2018,rural,Total,0.8649
COL,El Porvenir,NA,2019,rural,Indígena,0.752
COL,El Porvenir,NA,2019,rural,No indígena,0.672
COL,El Porvenir,NA,2019,rural,Total,0.7082
COL,El Porvenir,NA,2020,rural,Indígena,0.8832
COL,El Porvenir,NA,2020,rural,No indígena,0.8032
COL,El Porvenir,NA,2020,rural,Total,0.8391
COL,El Porvenir,NA,2021,rural,Indígena,0.8192
COL,El Porvenir,NA,2021,rural,No indígena,0.7392
COL,El Porvenir,NA,2021,rural,Total,0.775
COL,El Porvenir,NA,2022,rural,Indígena,0.7693
COL,El Porvenir,NA,2022,rural,No indígena,0.6893
COL,El Porvenir,NA,2022,rural,Total,0.7254
COL,El Porvenir,NA,2023,rural,Indígena,0.8592
COL,El Porvenir,NA,2023,rural,No indígena,0.7792
COL,El Porvenir,NA,2023,rural,Total,0.8154
COL,El Porvenir,NA,2024,rural,Indígena,0.8712
COL,El Porvenir,NA,2024,rural,No indígena,0.7912
COL,El Porvenir,NA,2024,rural,Total,0.8274
COL,El Porvenir,NA,2025,rural,Indígena,0.8828
COL,El Porvenir,NA,2025,rural,No indígena,0.8028
COL,El Porvenir,NA,2025,rural,Total,0.8387
COL,La Alameda,NA,2016,rural,Indígena,0.549
COL,La Alameda,NA,2016,rural,No indígena,0.469
COL,La Alameda,NA,2016,rural,Total,0.504
COL,La Alameda,NA,2017,rural,Indígena,0.5683
COL,La Alameda,NA,2017,rural,No indígena,0.4883
COL,La Alameda,NA,2017,rural,Total,0.5233
COL,La Alameda,NA,2018,rural,Indígena,0.4992
COL,La Alameda,NA,2018,rural,No indígena,0.4192
COL,La Alameda,NA,2018,rural,Total,0.4554
COL,La Alameda,NA,2019,rural,Indígena,0.637
COL,La Alameda,NA,2019,rural,No indígena,0.557
COL,La Alameda,NA,2019,rural,Total,0.5932
COL,La Alameda,NA,2020,rural,Indígena,0.833
COL,La Alameda,NA,2020,rural,No indígena,0.753
COL,La Alameda,NA,2020,rural,Total,0.7888
COL,La Alameda,NA,2021,rural,Indígena,0.8066
COL,La Alameda,NA,2021,rural,No indígena,0.7266
COL,La Alameda,NA,2021,rural,Total,0.7627
COL,La Alameda,NA,2022,rural,Indígena,0.9
COL,La Alameda,NA,2022,rural,No indígena,0.9
COL,La Alameda,NA,2022,rural,Total,0.9
COL,La Alameda,NA,2023,rural,Indígena,0.8891
COL,La Alameda,NA,2023,rural,No indígena,0.8091
COL,La Alameda,NA,2023,rural,Total,0.8452
COL,La Alameda,NA,2024,rural,Indígena,0.8894
COL,La Alameda,NA,2024,rural,No indígena,0.8094
COL,La Alameda,NA,2024,rural,Total,0.8456
COL,La Alameda,NA,2025,rural,Indígena,0.8536
COL,La Alameda,NA,2025,rural,No indígena,0.7736
COL,La Alameda,NA,2025,rural,Total,0.8097
COL,La Arboleda,NA,2016,periurbano,Indígena,0.4999
COL,La Arboleda,NA,2016,periurbano,No indígena,0.4199
COL,La Arboleda,NA,2016,periurbano,Total,0.444
COL,La Arboleda,NA,2017,periurbano,Indígena,0.5246
COL,La Arboleda,NA,2017,periurbano,No indígena,0.4446
COL,La Arboleda,NA,2017,periurbano,Total,0.4687
COL,La Arboleda,NA,2018,periurbano,Indígena,0.4598
COL,La Arboleda,NA,2018,periurbano,No indígena,0.3798
COL,La Arboleda,NA,2018,periurbano,Total,0.4039
COL,La Arboleda,NA,2019,periurbano,Indígena,0.3808
COL,La Arboleda,NA,2019,periurbano,No indígena,0.3008
COL,La Arboleda,NA,2019,periurbano,Total,0.3253
COL,La Arboleda,NA,2020,periurbano,Indígena,0.6392
COL,La Arboleda,NA,2020,periurbano,No indígena,0.5592
COL,La Arboleda,NA,2020,periurbano,Total,0.583
COL,La Arboleda,NA,2021,periurbano,Indígena,0.492
COL,La Arboleda,NA,2021,periurbano,No indígena,0.412
COL,La Arboleda,NA,2021,periurbano,Total,0.4363
COL,La Arboleda,NA,2022,periurbano,Indígena,0.5085
COL,La Arboleda,NA,2022,periurbano,No indígena,0.4285
COL,La Arboleda,NA,2022,periurbano,Total,0.4525
COL,La Arboleda,NA,2023,periurbano,Indígena,0.3961
COL,La Arboleda,NA,2023,periurbano,No indígena,0.3161
COL,La Arboleda,NA,2023,periurbano,Total,0.3401
COL,La Arboleda,NA,2024,periurbano,Indígena,0.2263
COL,La Arboleda,NA,2024,periurbano,No indígena,0.1463
COL,La Arboleda,NA,2024,periurbano,Total,0.1703
COL,La Arboleda,NA,2025,periurbano,Indígena,0.2986
COL,La Arboleda,NA,2025,periurbano,No indígena,0.2186
COL,La Arboleda,NA,2025,periurbano,Total,0.2426
COL,La Cañada,NA,2016,rural,Indígena,0.6813
COL,La Cañada,NA,2016,rural,No indígena,0.6013
COL,La Cañada,NA,2016,rural,Total,0.6376
COL,La Cañada,NA,2017,rural,Indígena,0.521
COL,La Cañada,NA,2017,rural,No indígena,0.441
COL,La Cañada,NA,2017,rural,Total,0.4774
COL,La Cañada,NA,2018,rural,Indígena,0.6425
COL,La Cañada,NA,2018,rural,No indígena,0.5625
COL,La Cañada,NA,2018,rural,Total,0.5989
COL,La Cañada,NA,2019,rural,Indígena,0.6816
COL,La Cañada,NA,2019,rural,No indígena,0.6016
COL,La Cañada,NA,2019,rural,Total,0.6366
COL,La Cañada,NA,2020,rural,Indígena,0.8382
COL,La Cañada,NA,2020,rural,No indígena,0.7582
COL,La Cañada,NA,2020,rural,Total,0.7943
COL,La Cañada,NA,2021,rural,Indígena,0.9
COL,La Cañada,NA,2021,rural,No indígena,0.9
COL,La Cañada,NA,2021,rural,Total,0.9
COL,La Cañada,NA,2022,rural,Indígena,0.7912
COL,La Cañada,NA,2022,rural,No indígena,0.7112
COL,La Cañada,NA,2022,rural,Total,0.7473
COL,La Cañada,NA,2023,rural,Indígena,0.625
COL,La Cañada,NA,2023,rural,No indígena,0.545
COL,La Cañada,NA,2023,rural,Total,0.5811
COL,La Cañada,NA,2024,rural,Indígena,0.6519
COL,La Cañada,NA,2024,rural,No indígena,0.5719
COL,La Cañada,NA,2024,rural,Total,0.608
COL,La Cañada,NA,2025,rural,Indígena,0.9
COL,La Cañada,NA,2025,rural,No indígena,0.9
COL,La Cañada,NA,2025,rural,Total,0.9
COL,La Esperanza,NA,2016,urbano,Indígena,0.2274
COL,La Esperanza,NA,2016,urbano,No indígena,0.1474
COL,La Esperanza,NA,2016,urbano,Total,0.1594
COL,La Esperanza,NA,2017,urbano,Indígena,0.189
COL,La Esperanza,NA,2017,urbano,No indígena,0.109
COL,La Esperanza,NA,2017,urbano,Total,0.121
COL,La Esperanza,NA,2018,urbano,Indígena,0.1977
COL,La Esperanza,NA,2018,urbano,No indígena,0.1177
COL,La Esperanza,NA,2018,urbano,Total,0.1297
COL,La Esperanza,NA,2019,urbano,Indígena,0.2057
COL,La Esperanza,NA,2019,urbano,No indígena,0.1257
COL,La Esperanza,NA,2019,urbano,Total,0.1378
COL,La Esperanza,NA,2020,urbano,Indígena,0.2211
COL,La Esperanza,NA,2020,urbano,No indígena,0.1411
COL,La Esperanza,NA,2020,urbano,Total,0.15310000000000001
COL,La Esperanza,NA,2021,urbano,Indígena,0.2118
COL,La Esperanza,NA,2021,urbano,No indígena,0.1318
COL,La Esperanza,NA,2021,urbano,Total,0.1436
COL,La Esperanza,NA,2022,urbano,Indígena,0.1724
COL,La Esperanza,NA,2022,urbano,No indígena,0.0924
COL,La Esperanza,NA,2022,urbano,Total,0.1046
COL,La Esperanza,NA,2023,urbano,Indígena,0.2374
COL,La Esperanza,NA,2023,urbano,No indígena,0.1574
COL,La Esperanza,NA,2023,urbano,Total,0.1698
COL,La Esperanza,NA,2024,urbano,Indígena,0.1872
COL,La Esperanza,NA,2024,urbano,No indígena,0.1072
COL,La Esperanza,NA,2024,urbano,Total,0.1189
COL,La Esperanza,NA,2025,urbano,Indígena,0.1709
COL,La Esperanza,NA,2025,urbano,No indígena,0.0909
COL,La Esperanza,NA,2025,urbano,Total,0.1027
COL,La Primavera,NA,2016,periurbano,Indígena,0.4904
COL,La Primavera,NA,2016,periurbano,No indígena,0.4104
COL,La Primavera,NA,2016,periurbano,Total,0.4338
COL,La Primavera,NA,2017,periurbano,Indígena,0.4363
COL,La Primavera,NA,2017,periurbano,No indígena,0.3563
COL,La Primavera,NA,2017,periurbano,Total,0.3797
COL,La Primavera,NA,2018,periurbano,Indígena,0.4849
COL,La Primavera,NA,2018,periurbano,No indígena,0.4049
COL,La Primavera,NA,2018,periurbano,Total,0.4288
COL,La Primavera,NA,2019,periurbano,Indígena,0.4324
COL,La Primavera,NA,2019,periurbano,No indígena,0.3524
COL,La Primavera,NA,2019,periurbano,Total,0.3762
COL,La Primavera,NA,2020,periurbano,Indígena,0.4266
COL,La Primavera,NA,2020,periurbano,No indígena,0.3466
COL,La Primavera,NA,2020,periurbano,Total,0.3707
COL,La Primavera,NA,2021,periurbano,Indígena,0.4841
COL,La Primavera,NA,2021,periurbano,No indígena,0.4041
COL,La Primavera,NA,2021,periurbano,Total,0.4284
COL,La Primavera,NA,2022,periurbano,Indígena,0.5988
COL,La Primavera,NA,2022,periurbano,No indígena,0.5188
COL,La Primavera,NA,2022,periurbano,Total,0.543
COL,La Primavera,NA,2023,periurbano,Indígena,0.5275
COL,La Primavera,NA,2023,periurbano,No indígena,0.4475
COL,La Primavera,NA,2023,periurbano,Total,0.4718
COL,La Primavera,NA,2024,periurbano,Indígena,0.4543
COL,La Primavera,NA,2024,periurbano,No indígena,0.3743
COL,La Primavera,NA,2024,periurbano,Total,0.3986
COL,La Primavera,NA,2025,periurbano,Indígena,0.6924
COL,La Primavera,NA,2025,periurbano,No indígena,0.61240000000000006
COL,La Primavera,NA,2025,periurbano,Total,0.6367
COL,La Rivera,NA,2016,urbano,Indígena,0.1984
COL,La Rivera,NA,2016,urbano,No indígena,0.1184
COL,La Rivera,NA,2016,urbano,Total,0.1301
COL,La Rivera,NA,2017,urbano,Indígena,0.2301
COL,La Rivera,NA,2017,urbano,No indígena,0.1501
COL,La Rivera,NA,2017,urbano,Total,0.1619
COL,La Rivera,NA,2018,urbano,Indígena,0.2381
COL,La Rivera,NA,2018,urbano,No indígena,0.1581
COL,La Rivera,NA,2018,urbano,Total,0.17
COL,La Rivera,NA,2019,urbano,Indígena,0.2116
COL,La Rivera,NA,2019,urbano,No indígena,0.1316
COL,La Rivera,NA,2019,urbano,Total,0.1434
COL,La Rivera,NA,2020,urbano,Indígena,0.2632
COL,La Rivera,NA,2020,urbano,No indígena,0.1832
COL,La Rivera,NA,2020,urbano,Total,0.1949
COL,La Rivera,NA,2021,urbano,Indígena,0.2195
COL,La Rivera,NA,2021,urbano,No indígena,0.1395
COL,La Rivera,NA,2021,urbano,Total,0.1518
COL,La Rivera,NA,2022,urbano,Indígena,0.2143
COL,La Rivera,NA,2022,urbano,No indígena,0.1343
COL,La Rivera,NA,2022,urbano,Total,0.1463
COL,La Rivera,NA,2023,urbano,Indígena,0.2441
COL,La Rivera,NA,2023,urbano,No indígena,0.1641
COL,La Rivera,NA,2023,urbano,Total,0.1762
COL,La Rivera,NA,2024,urbano,Indígena,0.2317
COL,La Rivera,NA,2024,urbano,No indígena,0.1517
COL,La Rivera,NA,2024,urbano,Total,0.1638
COL,La Rivera,NA,2025,urbano,Indígena,0.2089
COL,La Rivera,NA,2025,urbano,No indígena,0.1289
COL,La Rivera,NA,2025,urbano,Total,0.1412
COL,Las Brisas,NA,2016,rural,Indígena,0.6514
COL,Las Brisas,NA,2016,rural,No indígena,0.5714
COL,Las Brisas,NA,2016,rural,Total,0.6075
COL,Las Brisas,NA,2017,rural,Indígena,0.5979
COL,Las Brisas,NA,2017,rural,No indígena,0.5179
COL,Las Brisas,NA,2017,rural,Total,0.5541
COL,Las Brisas,NA,2018,rural,Indígena,0.5158
COL,Las Brisas,NA,2018,rural,No indígena,0.4358
COL,Las Brisas,NA,2018,rural,Total,0.4719
COL,Las Brisas,NA,2019,rural,Indígena,0.5598
COL,Las Brisas,NA,2019,rural,No indígena,0.4798
COL,Las Brisas,NA,2019,rural,Total,0.5159
COL,Las Brisas,NA,2020,rural,Indígena,0.5715
COL,Las Brisas,NA,2020,rural,No indígena,0.4915
COL,Las Brisas,NA,2020,rural,Total,0.5274
COL,Las Brisas,NA,2021,rural,Indígena,0.5024
COL,Las Brisas,NA,2021,rural,No indígena,0.4224
COL,Las Brisas,NA,2021,rural,Total,0.4583
COL,Las Brisas,NA,2022,rural,Indígena,0.6573
COL,Las Brisas,NA,2022,rural,No indígena,0.5773
COL,Las Brisas,NA,2022,rural,Total,0.6134
COL,Las Brisas,NA,2023,rural,Indígena,0.7486
COL,Las Brisas,NA,2023,rural,No indígena,0.6686
COL,Las Brisas,NA,2023,rural,Total,0.7045
COL,Las Brisas,NA,2024,rural,Indígena,0.7003
COL,Las Brisas,NA,2024,rural,No indígena,0.6203
COL,Las Brisas,NA,2024,rural,Total,0.6561
COL,Las Brisas,NA,2025,rural,Indígena,0.7145
COL,Las Brisas,NA,2025,rural,No indígena,0.6345
COL,Las Brisas,NA,2025,rural,Total,0.6703
COL,Las Palmas,NA,2016,periurbano,Indígena,0.4144
COL,Las Palmas,NA,2016,periurbano,No indígena,0.3344
COL,Las Palmas,NA,2016,periurbano,Total,0.3583
COL,Las Palmas,NA,2017,periurbano,Indígena,0.4918
COL,Las Palmas,NA,2017,periurbano,No indígena,0.4118
COL,Las Palmas,NA,2017,periurbano,Total,0.436
COL,Las Palmas,NA,2018,periurbano,Indígena,0.4943
COL,Las Palmas,NA,2018,periurbano,No indígena,0.4143
COL,Las Palmas,NA,2018,periurbano,Total,0.4385
COL,Las Palmas,NA,2019,periurbano,Indígena,0.5108
COL,Las Palmas,NA,2019,periurbano,No indígena,0.4308
COL,Las Palmas,NA,2019,periurbano,Total,0.455
COL,Las Palmas,NA,2020,periurbano,Indígena,0.5307
COL,Las Palmas,NA,2020,periurbano,No indígena,0.4507
COL,Las Palmas,NA,2020,periurbano,Total,0.4747
COL,Las Palmas,NA,2021,periurbano,Indígena,0.4474
COL,Las Palmas,NA,2021,periurbano,No indígena,0.3674
COL,Las Palmas,NA,2021,periurbano,Total,0.3915
COL,Las Palmas,NA,2022,periurbano,Indígena,0.3682
COL,Las Palmas,NA,2022,periurbano,No indígena,0.2882
COL,Las Palmas,NA,2022,periurbano,Total,0.312
COL,Las Palmas,NA,2023,periurbano,Indígena,0.4233
COL,Las Palmas,NA,2023,periurbano,No indígena,0.3433
COL,Las Palmas,NA,2023,periurbano,Total,0.3671
COL,Las Palmas,NA,2024,periurbano,Indígena,0.5402
COL,Las Palmas,NA,2024,periurbano,No indígena,0.4602
COL,Las Palmas,NA,2024,periurbano,Total,0.4843
COL,Las Palmas,NA,2025,periurbano,Indígena,0.5632
COL,Las Palmas,NA,2025,periurbano,No indígena,0.4832
COL,Las Palmas,NA,2025,periurbano,Total,0.5073
COL,Los Arrayanes,NA,2016,rural,Indígena,0.4754
COL,Los Arrayanes,NA,2016,rural,No indígena,0.3954
COL,Los Arrayanes,NA,2016,rural,Total,0.4318
COL,Los Arrayanes,NA,2017,rural,Indígena,0.607
COL,Los Arrayanes,NA,2017,rural,No indígena,0.527
COL,Los Arrayanes,NA,2017,rural,Total,0.5634
COL,Los Arrayanes,NA,2018,rural,Indígena,0.4326
COL,Los Arrayanes,NA,2018,rural,No indígena,0.3526
COL,Los Arrayanes,NA,2018,rural,Total,0.389
COL,Los Arrayanes,NA,2019,rural,Indígena,0.4639
COL,Los Arrayanes,NA,2019,rural,No indígena,0.3839
COL,Los Arrayanes,NA,2019,rural,Total,0.4203
COL,Los Arrayanes,NA,2020,rural,Indígena,0.5873
COL,Los Arrayanes,NA,2020,rural,No indígena,0.5073
COL,Los Arrayanes,NA,2020,rural,Total,0.5433
COL,Los Arrayanes,NA,2021,rural,Indígena,0.6724
COL,Los Arrayanes,NA,2021,rural,No indígena,0.5924
COL,Los Arrayanes,NA,2021,rural,Total,0.6267
COL,Los Arrayanes,NA,2022,rural,Indígena,0.758
COL,Los Arrayanes,NA,2022,rural,No indígena,0.678
COL,Los Arrayanes,NA,2022,rural,Total,0.7144
COL,Los Arrayanes,NA,2023,rural,Indígena,0.6138
COL,Los Arrayanes,NA,2023,rural,No indígena,0.5338
COL,Los Arrayanes,NA,2023,rural,Total,0.5702
COL,Los Arrayanes,NA,2024,rural,Indígena,0.7937
COL,Los Arrayanes,NA,2024,rural,No indígena,0.7137
COL,Los Arrayanes,NA,2024,rural,Total,0.75
COL,Los Arrayanes,NA,2025,rural,Indígena,0.7446
COL,Los Arrayanes,NA,2025,rural,No indígena,0.6646
COL,Los Arrayanes,NA,2025,rural,Total,0.6989
COL,Los Pinos,NA,2016,rural,Indígena,0.4174
COL,Los Pinos,NA,2016,rural,No indígena,0.3374
COL,Los Pinos,NA,2016,rural,Total,0.3735
COL,Los Pinos,NA,2017,rural,Indígena,0.467
COL,Los Pinos,NA,2017,rural,No indígena,0.387
COL,Los Pinos,NA,2017,rural,Total,0.4232
COL,Los Pinos,NA,2018,rural,Indígena,0.6457
COL,Los Pinos,NA,2018,rural,No indígena,0.5657
COL,Los Pinos,NA,2018,rural,Total,0.6019
COL,Los Pinos,NA,2019,rural,Indígena,0.5314
COL,Los Pinos,NA,2019,rural,No indígena,0.4514
COL,Los Pinos,NA,2019,rural,Total,0.4876
COL,Los Pinos,NA,2020,rural,Indígena,0.5638
COL,Los Pinos,NA,2020,rural,No indígena,0.4838
COL,Los Pinos,NA,2020,rural,Total,0.5197
COL,Los Pinos,NA,2021,rural,Indígena,0.5548
COL,Los Pinos,NA,2021,rural,No indígena,0.4748
COL,Los Pinos,NA,2021,rural,Total,0.5107
COL,Los Pinos,NA,2022,rural,Indígena,0.4487
COL,Los Pinos,NA,2022,rural,No indígena,0.36870000000000003
COL,Los Pinos,NA,2022,rural,Total,0.4046
COL,Los Pinos,NA,2023,rural,Indígena,0.4975
COL,Los Pinos,NA,2023,rural,No indígena,0.4175
COL,Los Pinos,NA,2023,rural,Total,0.4534
COL,Los Pinos,NA,2024,rural,Indígena,0.4793
COL,Los Pinos,NA,2024,rural,No indígena,0.3993
COL,Los Pinos,NA,2024,rural,Total,0.4352
COL,Los Pinos,NA,2025,rural,Indígena,0.6361
COL,Los Pinos,NA,2025,rural,No indígena,0.5561
COL,Los Pinos,NA,2025,rural,Total,0.592
COL,Los Álamos,NA,2016,rural,Indígena,0.61
COL,Los Álamos,NA,2016,rural,No indígena,0.53
COL,Los Álamos,NA,2016,rural,Total,0.5648
COL,Los Álamos,NA,2017,rural,Indígena,0.4645
COL,Los Álamos,NA,2017,rural,No indígena,0.3845
COL,Los Álamos,NA,2017,rural,Total,0.4209
COL,Los Álamos,NA,2018,rural,Indígena,0.3949
COL,Los Álamos,NA,2018,rural,No indígena,0.3149
COL,Los Álamos,NA,2018,rural,Total,0.3513
COL,Los Álamos,NA,2019,rural,Indígena,0.6269
COL,Los Álamos,NA,2019,rural,No indígena,0.5469
COL,Los Álamos,NA,2019,rural,Total,0.5833
COL,Los Álamos,NA,2020,rural,Indígena,0.5988
COL,Los Álamos,NA,2020,rural,No indígena,0.5188
COL,Los Álamos,NA,2020,rural,Total,0.5531
COL,Los Álamos,NA,2021,rural,Indígena,0.6889
COL,Los Álamos,NA,2021,rural,No indígena,0.6089
COL,Los Álamos,NA,2021,rural,Total,0.6453
COL,Los Álamos,NA,2022,rural,Indígena,0.5762
COL,Los Álamos,NA,2022,rural,No indígena,0.4962
COL,Los Álamos,NA,2022,rural,Total,0.5326
COL,Los Álamos,NA,2023,rural,Indígena,0.6402
COL,Los Álamos,NA,2023,rural,No indígena,0.5602
COL,Los Álamos,NA,2023,rural,Total,0.5966
COL,Los Álamos,NA,2024,rural,Indígena,0.7279
COL,Los Álamos,NA,2024,rural,No indígena,0.6479
COL,Los Álamos,NA,2024,rural,Total,0.6842
COL,Los Álamos,NA,2025,rural,Indígena,0.7242
COL,Los Álamos,NA,2025,rural,No indígena,0.6442
COL,Los Álamos,NA,2025,rural,Total,0.6806
COL,Nueva Esperanza,NA,2016,periurbano,Indígena,0.5779
COL,Nueva Esperanza,NA,2016,periurbano,No indígena,0.4979
COL,Nueva Esperanza,NA,2016,periurbano,Total,0.522
COL,Nueva Esperanza,NA,2017,periurbano,Indígena,0.4009
COL,Nueva Esperanza,NA,2017,periurbano,No indígena,0.3209
COL,Nueva Esperanza,NA,2017,periurbano,Total,0.3451
COL,Nueva Esperanza,NA,2018,periurbano,Indígena,0.3749
COL,Nueva Esperanza,NA,2018,periurbano,No indígena,0.2949
COL,Nueva Esperanza,NA,2018,periurbano,Total,0.3195
COL,Nueva Esperanza,NA,2019,periurbano,Indígena,0.3601
COL,Nueva Esperanza,NA,2019,periurbano,No indígena,0.2801
COL,Nueva Esperanza,NA,2019,periurbano,Total,0.3047
COL,Nueva Esperanza,NA,2020,periurbano,Indígena,0.7728
COL,Nueva Esperanza,NA,2020,periurbano,No indígena,0.6928
COL,Nueva Esperanza,NA,2020,periurbano,Total,0.7173
COL,Nueva Esperanza,NA,2021,periurbano,Indígena,0.618
COL,Nueva Esperanza,NA,2021,periurbano,No indígena,0.538
COL,Nueva Esperanza,NA,2021,periurbano,Total,0.562
COL,Nueva Esperanza,NA,2022,periurbano,Indígena,0.5951
COL,Nueva Esperanza,NA,2022,periurbano,No indígena,0.5151
COL,Nueva Esperanza,NA,2022,periurbano,Total,0.5386
COL,Nueva Esperanza,NA,2023,periurbano,Indígena,0.4419
COL,Nueva Esperanza,NA,2023,periurbano,No indígena,0.3619
COL,Nueva Esperanza,NA,2023,periurbano,Total,0.3859
COL,Nueva Esperanza,NA,2024,periurbano,Indígena,0.5792
COL,Nueva Esperanza,NA,2024,periurbano,No indígena,0.4992
COL,Nueva Esperanza,NA,2024,periurbano,Total,0.5232
COL,Nueva Esperanza,NA,2025,periurbano,Indígena,0.6351
COL,Nueva Esperanza,NA,2025,periurbano,No indígena,0.5551
COL,Nueva Esperanza,NA,2025,periurbano,Total,0.5791
COL,Nueva Vida,NA,2016,periurbano,Indígena,0.5381
COL,Nueva Vida,NA,2016,periurbano,No indígena,0.4581
COL,Nueva Vida,NA,2016,periurbano,Total,0.4828
COL,Nueva Vida,NA,2017,periurbano,Indígena,0.4248
COL,Nueva Vida,NA,2017,periurbano,No indígena,0.3448
COL,Nueva Vida,NA,2017,periurbano,Total,0.3695
COL,Nueva Vida,NA,2018,periurbano,Indígena,0.4123
COL,Nueva Vida,NA,2018,periurbano,No indígena,0.3323
COL,Nueva Vida,NA,2018,periurbano,Total,0.3558
COL,Nueva Vida,NA,2019,periurbano,Indígena,0.442
COL,Nueva Vida,NA,2019,periurbano,No indígena,0.362
COL,Nueva Vida,NA,2019,periurbano,Total,0.3855
COL,Nueva Vida,NA,2020,periurbano,Indígena,0.4551
COL,Nueva Vida,NA,2020,periurbano,No indígena,0.3751
COL,Nueva Vida,NA,2020,periurbano,Total,0.3984
COL,Nueva Vida,NA,2021,periurbano,Indígena,0.4524
COL,Nueva Vida,NA,2021,periurbano,No indígena,0.3724
COL,Nueva Vida,NA,2021,periurbano,Total,0.3964
COL,Nueva Vida,NA,2022,periurbano,Indígena,0.3999
COL,Nueva Vida,NA,2022,periurbano,No indígena,0.3199
COL,Nueva Vida,NA,2022,periurbano,Total,0.3439
COL,Nueva Vida,NA,2023,periurbano,Indígena,0.5511
COL,Nueva Vida,NA,2023,periurbano,No indígena,0.4711
COL,Nueva Vida,NA,2023,periurbano,Total,0.4951
COL,Nueva Vida,NA,2024,periurbano,Indígena,0.4285
COL,Nueva Vida,NA,2024,periurbano,No indígena,0.3485
COL,Nueva Vida,NA,2024,periurbano,Total,0.3725
COL,Nueva Vida,NA,2025,periurbano,Indígena,0.3529
COL,Nueva Vida,NA,2025,periurbano,No indígena,0.2729
COL,Nueva Vida,NA,2025,periurbano,Total,0.2969
COL,Plaza del Valle,NA,2016,rural,Indígena,0.4722
COL,Plaza del Valle,NA,2016,rural,No indígena,0.3922
COL,Plaza del Valle,NA,2016,rural,Total,0.4284
COL,Plaza del Valle,NA,2017,rural,Indígena,0.5358
COL,Plaza del Valle,NA,2017,rural,No indígena,0.4558
COL,Plaza del Valle,NA,2017,rural,Total,0.492
COL,Plaza del Valle,NA,2018,rural,Indígena,0.7798
COL,Plaza del Valle,NA,2018,rural,No indígena,0.6998
COL,Plaza del Valle,NA,2018,rural,Total,0.7359
COL,Plaza del Valle,NA,2019,rural,Indígena,0.632
COL,Plaza del Valle,NA,2019,rural,No indígena,0.552
COL,Plaza del Valle,NA,2019,rural,Total,0.5881
COL,Plaza del Valle,NA,2020,rural,Indígena,0.8978
COL,Plaza del Valle,NA,2020,rural,No indígena,0.8178
COL,Plaza del Valle,NA,2020,rural,Total,0.8536
COL,Plaza del Valle,NA,2021,rural,Indígena,0.9
COL,Plaza del Valle,NA,2021,rural,No indígena,0.8538
COL,Plaza del Valle,NA,2021,rural,Total,0.8745
COL,Plaza del Valle,NA,2022,rural,Indígena,0.8042
COL,Plaza del Valle,NA,2022,rural,No indígena,0.7242
COL,Plaza del Valle,NA,2022,rural,Total,0.7603
COL,Plaza del Valle,NA,2023,rural,Indígena,0.7636
COL,Plaza del Valle,NA,2023,rural,No indígena,0.6836
COL,Plaza del Valle,NA,2023,rural,Total,0.7195
COL,Plaza del Valle,NA,2024,rural,Indígena,0.7911
COL,Plaza del Valle,NA,2024,rural,No indígena,0.7111
COL,Plaza del Valle,NA,2024,rural,Total,0.7469
COL,Plaza del Valle,NA,2025,rural,Indígena,0.5531
COL,Plaza del Valle,NA,2025,rural,No indígena,0.4731
COL,Plaza del Valle,NA,2025,rural,Total,0.509
COL,San Isidro,NA,2016,rural,Indígena,0.6916
COL,San Isidro,NA,2016,rural,No indígena,0.6116
COL,San Isidro,NA,2016,rural,Total,0.648
COL,San Isidro,NA,2017,rural,Indígena,0.7338
COL,San Isidro,NA,2017,rural,No indígena,0.6538
COL,San Isidro,NA,2017,rural,Total,0.6902
COL,San Isidro,NA,2018,rural,Indígena,0.5643
COL,San Isidro,NA,2018,rural,No indígena,0.4843
COL,San Isidro,NA,2018,rural,Total,0.5207
COL,San Isidro,NA,2019,rural,Indígena,0.6777
COL,San Isidro,NA,2019,rural,No indígena,0.5977
COL,San Isidro,NA,2019,rural,Total,0.634
COL,San Isidro,NA,2020,rural,Indígena,0.7705
COL,San Isidro,NA,2020,rural,No indígena,0.6905
COL,San Isidro,NA,2020,rural,Total,0.7265
COL,San Isidro,NA,2021,rural,Indígena,0.8112
COL,San Isidro,NA,2021,rural,No indígena,0.7312
COL,San Isidro,NA,2021,rural,Total,0.7672
COL,San Isidro,NA,2022,rural,Indígena,0.5905
COL,San Isidro,NA,2022,rural,No indígena,0.5105
COL,San Isidro,NA,2022,rural,Total,0.5465
COL,San Isidro,NA,2023,rural,Indígena,0.5626
COL,San Isidro,NA,2023,rural,No indígena,0.4826
COL,San Isidro,NA,2023,rural,Total,0.5186
COL,San Isidro,NA,2024,rural,Indígena,0.7162
COL,San Isidro,NA,2024,rural,No indígena,0.6362
COL,San Isidro,NA,2024,rural,Total,0.6722
COL,San Isidro,NA,2025,rural,Indígena,0.8212
COL,San Isidro,NA,2025,rural,No indígena,0.7412
COL,San Isidro,NA,2025,rural,Total,0.7772
COL,San Joaquín,NA,2016,periurbano,Indígena,0.3864
COL,San Joaquín,NA,2016,periurbano,No indígena,0.3064
COL,San Joaquín,NA,2016,periurbano,Total,0.3304
COL,San Joaquín,NA,2017,periurbano,Indígena,0.4027
COL,San Joaquín,NA,2017,periurbano,No indígena,0.3227
COL,San Joaquín,NA,2017,periurbano,Total,0.3467
COL,San Joaquín,NA,2018,periurbano,Indígena,0.429
COL,San Joaquín,NA,2018,periurbano,No indígena,0.349
COL,San Joaquín,NA,2018,periurbano,Total,0.373
COL,San Joaquín,NA,2019,periurbano,Indígena,0.427
COL,San Joaquín,NA,2019,periurbano,No indígena,0.347
COL,San Joaquín,NA,2019,periurbano,Total,0.371
COL,San Joaquín,NA,2020,periurbano,Indígena,0.3956
COL,San Joaquín,NA,2020,periurbano,No indígena,0.3156
COL,San Joaquín,NA,2020,periurbano,Total,0.3399
COL,San Joaquín,NA,2021,periurbano,Indígena,0.5159
COL,San Joaquín,NA,2021,periurbano,No indígena,0.4359
COL,San Joaquín,NA,2021,periurbano,Total,0.4598
COL,San Joaquín,NA,2022,periurbano,Indígena,0.5135
COL,San Joaquín,NA,2022,periurbano,No indígena,0.4335
COL,San Joaquín,NA,2022,periurbano,Total,0.457
COL,San Joaquín,NA,2023,periurbano,Indígena,0.2343
COL,San Joaquín,NA,2023,periurbano,No indígena,0.1543
COL,San Joaquín,NA,2023,periurbano,Total,0.1777
COL,San Joaquín,NA,2024,periurbano,Indígena,0.2942
COL,San Joaquín,NA,2024,periurbano,No indígena,0.2142
COL,San Joaquín,NA,2024,periurbano,Total,0.238
COL,San Joaquín,NA,2025,periurbano,Indígena,0.5462
COL,San Joaquín,NA,2025,periurbano,No indígena,0.4662
COL,San Joaquín,NA,2025,periurbano,Total,0.4901
COL,San Martín del Valle,NA,2016,Total,Indígena,0.5359
COL,San Martín del Valle,NA,2016,Total,No indígena,0.3861
COL,San Martín del Valle,NA,2016,Total,Total,0.4334
COL,San Martín del Valle,NA,2016,periurbano,Indígena,0.4846
COL,San Martín del Valle,NA,2016,periurbano,No indígena,0.4045
COL,San Martín del Valle,NA,2016,periurbano,Total,0.4285
COL,San Martín del Valle,NA,2016,rural,Indígena,0.6597
COL,San Martín del Valle,NA,2016,rural,No indígena,0.585
COL,San Martín del Valle,NA,2016,rural,Total,0.6184
COL,San Martín del Valle,NA,2016,urbano,Indígena,0.22
COL,San Martín del Valle,NA,2016,urbano,No indígena,0.1398
COL,San Martín del Valle,NA,2016,urbano,Total,0.1517
COL,San Martín del Valle,NA,2017,Total,Indígena,0.5444
COL,San Martín del Valle,NA,2017,Total,No indígena,0.3959
COL,San Martín del Valle,NA,2017,Total,Total,0.4429
COL,San Martín del Valle,NA,2017,periurbano,Indígena,0.512
COL,San Martín del Valle,NA,2017,periurbano,No indígena,0.4321
COL,San Martín del Valle,NA,2017,periurbano,Total,0.456
COL,San Martín del Valle,NA,2017,rural,Indígena,0.6504
COL,San Martín del Valle,NA,2017,rural,No indígena,0.5761
COL,San Martín del Valle,NA,2017,rural,Total,0.6095
COL,San Martín del Valle,NA,2017,urbano,Indígena,0.2103
COL,San Martín del Valle,NA,2017,urbano,No indígena,0.1304
COL,San Martín del Valle,NA,2017,urbano,Total,0.1423
COL,San Martín del Valle,NA,2018,Total,Indígena,0.5258
COL,San Martín del Valle,NA,2018,Total,No indígena,0.3781
COL,San Martín del Valle,NA,2018,Total,Total,0.425
COL,San Martín del Valle,NA,2018,periurbano,Indígena,0.4757
COL,San Martín del Valle,NA,2018,periurbano,No indígena,0.3954
COL,San Martín del Valle,NA,2018,periurbano,Total,0.4195
COL,San Martín del Valle,NA,2018,rural,Indígena,0.644
COL,San Martín del Valle,NA,2018,rural,No indígena,0.5648
COL,San Martín del Valle,NA,2018,rural,Total,0.6006
COL,San Martín del Valle,NA,2018,urbano,Indígena,0.2282
COL,San Martín del Valle,NA,2018,urbano,No indígena,0.1483
COL,San Martín del Valle,NA,2018,urbano,Total,0.1602
COL,San Martín del Valle,NA,2019,Total,Indígena,0.5297
COL,San Martín del Valle,NA,2019,Total,No indígena,0.3801
COL,San Martín del Valle,NA,2019,Total,Total,0.4277
COL,San Martín del Valle,NA,2019,periurbano,Indígena,0.4707
COL,San Martín del Valle,NA,2019,periurbano,No indígena,0.3911
COL,San Martín del Valle,NA,2019,periurbano,Total,0.4151
COL,San Martín del Valle,NA,2019,rural,Indígena,0.6586
COL,San Martín del Valle,NA,2019,rural,No indígena,0.5796
COL,San Martín del Valle,NA,2019,rural,Total,0.6153
COL,San Martín del Valle,NA,2019,urbano,Indígena,0.2313
COL,San Martín del Valle,NA,2019,urbano,No indígena,0.1514
COL,San Martín del Valle,NA,2019,urbano,Total,0.1634
COL,San Martín del Valle,NA,2020,Total,Indígena,0.5826
COL,San Martín del Valle,NA,2020,Total,No indígena,0.4265
COL,San Martín del Valle,NA,2020,Total,Total,0.4759
COL,San Martín del Valle,NA,2020,periurbano,Indígena,0.5242
COL,San Martín del Valle,NA,2020,periurbano,No indígena,0.4437
COL,San Martín del Valle,NA,2020,periurbano,Total,0.4679
COL,San Martín del Valle,NA,2020,rural,Indígena,0.7182
COL,San Martín del Valle,NA,2020,rural,No indígena,0.6375
COL,San Martín del Valle,NA,2020,rural,Total,0.6737
COL,San Martín del Valle,NA,2020,urbano,Indígena,0.2496
COL,San Martín del Valle,NA,2020,urbano,No indígena,0.1697
COL,San Martín del Valle,NA,2020,urbano,Total,0.1817
COL,San Martín del Valle,NA,2021,Total,Indígena,0.5668
COL,San Martín del Valle,NA,2021,Total,No indígena,0.409
COL,San Martín del Valle,NA,2021,Total,Total,0.4589
COL,San Martín del Valle,NA,2021,periurbano,Indígena,0.5127
COL,San Martín del Valle,NA,2021,periurbano,No indígena,0.4327
COL,San Martín del Valle,NA,2021,periurbano,Total,0.4567
COL,San Martín del Valle,NA,2021,rural,Indígena,0.7037
COL,San Martín del Valle,NA,2021,rural,No indígena,0.6321
COL,San Martín del Valle,NA,2021,rural,Total,0.6642
COL,San Martín del Valle,NA,2021,urbano,Indígena,0.2078
COL,San Martín del Valle,NA,2021,urbano,No indígena,0.1275
COL,San Martín del Valle,NA,2021,urbano,Total,0.1395
COL,San Martín del Valle,NA,2022,Total,Indígena,0.5386
COL,San Martín del Valle,NA,2022,Total,No indígena,0.3885
COL,San Martín del Valle,NA,2022,Total,Total,0.4361
COL,San Martín del Valle,NA,2022,periurbano,Indígena,0.4771
COL,San Martín del Valle,NA,2022,periurbano,No indígena,0.3976
COL,San Martín del Valle,NA,2022,periurbano,Total,0.4214
COL,San Martín del Valle,NA,2022,rural,Indígena,0.6719
COL,San Martín del Valle,NA,2022,rural,No indígena,0.5976
COL,San Martín del Valle,NA,2022,rural,Total,0.6311
COL,San Martín del Valle,NA,2022,urbano,Indígena,0.234
COL,San Martín del Valle,NA,2022,urbano,No indígena,0.1542
COL,San Martín del Valle,NA,2022,urbano,Total,0.1663
COL,San Martín del Valle,NA,2023,Total,Indígena,0.5326
COL,San Martín del Valle,NA,2023,Total,No indígena,0.3763
COL,San Martín del Valle,NA,2023,Total,Total,0.4258
COL,San Martín del Valle,NA,2023,periurbano,Indígena,0.4612
COL,San Martín del Valle,NA,2023,periurbano,No indígena,0.3809
COL,San Martín del Valle,NA,2023,periurbano,Total,0.4049
COL,San Martín del Valle,NA,2023,rural,Indígena,0.6802
COL,San Martín del Valle,NA,2023,rural,No indígena,0.6003
COL,San Martín del Valle,NA,2023,rural,Total,0.6364
COL,San Martín del Valle,NA,2023,urbano,Indígena,0.2162
COL,San Martín del Valle,NA,2023,urbano,No indígena,0.1361
COL,San Martín del Valle,NA,2023,urbano,Total,0.1484
COL,San Martín del Valle,NA,2024,Total,Indígena,0.554
COL,San Martín del Valle,NA,2024,Total,No indígena,0.3899
COL,San Martín del Valle,NA,2024,Total,Total,0.442
COL,San Martín del Valle,NA,2024,periurbano,Indígena,0.4792
COL,San Martín del Valle,NA,2024,periurbano,No indígena,0.3994
COL,San Martín del Valle,NA,2024,periurbano,Total,0.4234
COL,San Martín del Valle,NA,2024,rural,Indígena,0.7111
COL,San Martín del Valle,NA,2024,rural,No indígena,0.631
COL,San Martín del Valle,NA,2024,rural,Total,0.6672
COL,San Martín del Valle,NA,2024,urbano,Indígena,0.2018
COL,San Martín del Valle,NA,2024,urbano,No indígena,0.1216
COL,San Martín del Valle,NA,2024,urbano,Total,0.1337
COL,San Martín del Valle,NA,2025,Total,Indígena,0.5676
COL,San Martín del Valle,NA,2025,Total,No indígena,0.4062
COL,San Martín del Valle,NA,2025,Total,Total,0.4574
COL,San Martín del Valle,NA,2025,periurbano,Indígena,0.5154
COL,San Martín del Valle,NA,2025,periurbano,No indígena,0.4358
COL,San Martín del Valle,NA,2025,periurbano,Total,0.4597
COL,San Martín del Valle,NA,2025,rural,Indígena,0.708
COL,San Martín del Valle,NA,2025,rural,No indígena,0.6338
COL,San Martín del Valle,NA,2025,rural,Total,0.6672
COL,San Martín del Valle,NA,2025,urbano,Indígena,0.1858
COL,San Martín del Valle,NA,2025,urbano,No indígena,0.1055
COL,San Martín del Valle,NA,2025,urbano,Total,0.1177
COL,San Rafael,NA,2016,urbano,Indígena,0.2299
COL,San Rafael,NA,2016,urbano,No indígena,0.1499
COL,San Rafael,NA,2016,urbano,Total,0.1618
COL,San Rafael,NA,2017,urbano,Indígena,0.2158
COL,San Rafael,NA,2017,urbano,No indígena,0.1358
COL,San Rafael,NA,2017,urbano,Total,0.1476
COL,San Rafael,NA,2018,urbano,Indígena,0.2509
COL,San Rafael,NA,2018,urbano,No indígena,0.1709
COL,San Rafael,NA,2018,urbano,Total,0.1829
COL,San Rafael,NA,2019,urbano,Indígena,0.2729
COL,San Rafael,NA,2019,urbano,No indígena,0.1929
COL,San Rafael,NA,2019,urbano,Total,0.2049
COL,San Rafael,NA,2020,urbano,Indígena,0.2675
COL,San Rafael,NA,2020,urbano,No indígena,0.1875
COL,San Rafael,NA,2020,urbano,Total,0.1996
COL,San Rafael,NA,2021,urbano,Indígena,0.1937
COL,San Rafael,NA,2021,urbano,No indígena,0.1137
COL,San Rafael,NA,2021,urbano,Total,0.1253
COL,San Rafael,NA,2022,urbano,Indígena,0.3114
COL,San Rafael,NA,2022,urbano,No indígena,0.2314
COL,San Rafael,NA,2022,urbano,Total,0.2435
COL,San Rafael,NA,2023,urbano,Indígena,0.1726
COL,San Rafael,NA,2023,urbano,No indígena,0.0926
COL,San Rafael,NA,2023,urbano,Total,0.1048
COL,San Rafael,NA,2024,urbano,Indígena,0.1916
COL,San Rafael,NA,2024,urbano,No indígena,0.1116
COL,San Rafael,NA,2024,urbano,Total,0.1238
COL,San Rafael,NA,2025,urbano,Indígena,0.1811
COL,San Rafael,NA,2025,urbano,No indígena,0.1011
COL,San Rafael,NA,2025,urbano,Total,0.1135
COL,Santa Ana,NA,2016,rural,Indígena,0.6714
COL,Santa Ana,NA,2016,rural,No indígena,0.5914
COL,Santa Ana,NA,2016,rural,Total,0.6262
COL,Santa Ana,NA,2017,rural,Indígena,0.5998
COL,Santa Ana,NA,2017,rural,No indígena,0.5198
COL,Santa Ana,NA,2017,rural,Total,0.5561
COL,Santa Ana,NA,2018,rural,Indígena,0.6188
COL,Santa Ana,NA,2018,rural,No indígena,0.5388
COL,Santa Ana,NA,2018,rural,Total,0.5752
COL,Santa Ana,NA,2019,rural,Indígena,0.7528
COL,Santa Ana,NA,2019,rural,No indígena,0.6728
COL,Santa Ana,NA,2019,rural,Total,0.7092
COL,Santa Ana,NA,2020,rural,Indígena,0.7687
COL,Santa Ana,NA,2020,rural,No indígena,0.6887
COL,Santa Ana,NA,2020,rural,Total,0.723
COL,Santa Ana,NA,2021,rural,Indígena,0.6731
COL,Santa Ana,NA,2021,rural,No indígena,0.5931
COL,Santa Ana,NA,2021,rural,Total,0.6295
COL,Santa Ana,NA,2022,rural,Indígena,0.5454
COL,Santa Ana,NA,2022,rural,No indígena,0.4654
COL,Santa Ana,NA,2022,rural,Total,0.5017
COL,Santa Ana,NA,2023,rural,Indígena,0.64
COL,Santa Ana,NA,2023,rural,No indígena,0.56
COL,Santa Ana,NA,2023,rural,Total,0.5963
COL,Santa Ana,NA,2024,rural,Indígena,0.7677
COL,Santa Ana,NA,2024,rural,No indígena,0.6877
COL,Santa Ana,NA,2024,rural,Total,0.7241
COL,Santa Ana,NA,2025,rural,Indígena,0.6997
COL,Santa Ana,NA,2025,rural,No indígena,0.6197
COL,Santa Ana,NA,2025,rural,Total,0.6561
COL,Santa Elena,NA,2016,periurbano,Indígena,0.3651
COL,Santa Elena,NA,2016,periurbano,No indígena,0.2851
COL,Santa Elena,NA,2016,periurbano,Total,0.3095
COL,Santa Elena,NA,2017,periurbano,Indígena,0.5101
COL,Santa Elena,NA,2017,periurbano,No indígena,0.4301
COL,Santa Elena,NA,2017,periurbano,Total,0.4535
COL,Santa Elena,NA,2018,periurbano,Indígena,0.4022
COL,Santa Elena,NA,2018,periurbano,No indígena,0.3222
COL,Santa Elena,NA,2018,periurbano,Total,0.3456
COL,Santa Elena,NA,2019,periurbano,Indígena,0.4951
COL,Santa Elena,NA,2019,periurbano,No indígena,0.4151
COL,Santa Elena,NA,2019,periurbano,Total,0.439
COL,Santa Elena,NA,2020,periurbano,Indígena,0.5382
COL,Santa Elena,NA,2020,periurbano,No indígena,0.4582
COL,Santa Elena,NA,2020,periurbano,Total,0.4819
COL,Santa Elena,NA,2021,periurbano,Indígena,0.5766
COL,Santa Elena,NA,2021,periurbano,No indígena,0.4966
COL,Santa Elena,NA,2021,periurbano,Total,0.5208
COL,Santa Elena,NA,2022,periurbano,Indígena,0.4436
COL,Santa Elena,NA,2022,periurbano,No indígena,0.3636
COL,Santa Elena,NA,2022,periurbano,Total,0.3875
COL,Santa Elena,NA,2023,periurbano,Indígena,0.4997
COL,Santa Elena,NA,2023,periurbano,No indígena,0.4197
COL,Santa Elena,NA,2023,periurbano,Total,0.444
COL,Santa Elena,NA,2024,periurbano,Indígena,0.6025
COL,Santa Elena,NA,2024,periurbano,No indígena,0.5225
COL,Santa Elena,NA,2024,periurbano,Total,0.5468
COL,Santa Elena,NA,2025,periurbano,Indígena,0.5885
COL,Santa Elena,NA,2025,periurbano,No indígena,0.5085
COL,Santa Elena,NA,2025,periurbano,Total,0.5328
COL,Santa Lucía,NA,2016,rural,Indígena,0.5437
COL,Santa Lucía,NA,2016,rural,No indígena,0.4637
COL,Santa Lucía,NA,2016,rural,Total,0.4999
COL,Santa Lucía,NA,2017,rural,Indígena,0.6179
COL,Santa Lucía,NA,2017,rural,No indígena,0.5379
COL,Santa Lucía,NA,2017,rural,Total,0.574
COL,Santa Lucía,NA,2018,rural,Indígena,0.5553
COL,Santa Lucía,NA,2018,rural,No indígena,0.4753
COL,Santa Lucía,NA,2018,rural,Total,0.5114
COL,Santa Lucía,NA,2019,rural,Indígena,0.5362
COL,Santa Lucía,NA,2019,rural,No indígena,0.4562
COL,Santa Lucía,NA,2019,rural,Total,0.4923
COL,Santa Lucía,NA,2020,rural,Indígena,0.4629
COL,Santa Lucía,NA,2020,rural,No indígena,0.3829
COL,Santa Lucía,NA,2020,rural,Total,0.4187
COL,Santa Lucía,NA,2021,rural,Indígena,0.5556
COL,Santa Lucía,NA,2021,rural,No indígena,0.4756
COL,Santa Lucía,NA,2021,rural,Total,0.5115
COL,Santa Lucía,NA,2022,rural,Indígena,0.6098
COL,Santa Lucía,NA,2022,rural,No indígena,0.5298
COL,Santa Lucía,NA,2022,rural,Total,0.5659
COL,Santa Lucía,NA,2023,rural,Indígena,0.5476
COL,Santa Lucía,NA,2023,rural,No indígena,0.4676
COL,Santa Lucía,NA,2023,rural,Total,0.5038
COL,Santa Lucía,NA,2024,rural,Indígena,0.5964
COL,Santa Lucía,NA,2024,rural,No indígena,0.5164
COL,Santa Lucía,NA,2024,rural,Total,0.5526
COL,Santa Lucía,NA,2025,rural,Indígena,0.7123
COL,Santa Lucía,NA,2025,rural,No indígena,0.6323
COL,Santa Lucía,NA,2025,rural,Total,0.6682
COL,Santa Rosa,NA,2016,periurbano,Indígena,0.5174
COL,Santa Rosa,NA,2016,periurbano,No indígena,0.4374
COL,Santa Rosa,NA,2016,periurbano,Total,0.4612
COL,Santa Rosa,NA,2017,periurbano,Indígena,0.8051
COL,Santa Rosa,NA,2017,periurbano,No indígena,0.7251
COL,Santa Rosa,NA,2017,periurbano,Total,0.7489
COL,Santa Rosa,NA,2018,periurbano,Indígena,0.5502
COL,Santa Rosa,NA,2018,periurbano,No indígena,0.4702
COL,Santa Rosa,NA,2018,periurbano,Total,0.4939
COL,Santa Rosa,NA,2019,periurbano,Indígena,0.6244
COL,Santa Rosa,NA,2019,periurbano,No indígena,0.5444
COL,Santa Rosa,NA,2019,periurbano,Total,0.5682
COL,Santa Rosa,NA,2020,periurbano,Indígena,0.5712
COL,Santa Rosa,NA,2020,periurbano,No indígena,0.4912
COL,Santa Rosa,NA,2020,periurbano,Total,0.5152
COL,Santa Rosa,NA,2021,periurbano,Indígena,0.6212
COL,Santa Rosa,NA,2021,periurbano,No indígena,0.5412
COL,Santa Rosa,NA,2021,periurbano,Total,0.5648
COL,Santa Rosa,NA,2022,periurbano,Indígena,0.4947
COL,Santa Rosa,NA,2022,periurbano,No indígena,0.4147
COL,Santa Rosa,NA,2022,periurbano,Total,0.4389
COL,Santa Rosa,NA,2023,periurbano,Indígena,0.4816
COL,Santa Rosa,NA,2023,periurbano,No indígena,0.4016
COL,Santa Rosa,NA,2023,periurbano,Total,0.4257
COL,Santa Rosa,NA,2024,periurbano,Indígena,0.5571
COL,Santa Rosa,NA,2024,periurbano,No indígena,0.4771
COL,Santa Rosa,NA,2024,periurbano,Total,0.5016
COL,Santa Rosa,NA,2025,periurbano,Indígena,0.5742
COL,Santa Rosa,NA,2025,periurbano,No indígena,0.4942
COL,Santa Rosa,NA,2025,periurbano,Total,0.5187
COL,Villa Esperanza,NA,2016,rural,Indígena,0.795
COL,Villa Esperanza,NA,2016,rural,No indígena,0.715
COL,Villa Esperanza,NA,2016,rural,Total,0.7502
COL,Villa Esperanza,NA,2017,rural,Indígena,0.6772
COL,Villa Esperanza,NA,2017,rural,No indígena,0.5972
COL,Villa Esperanza,NA,2017,rural,Total,0.6324
COL,Villa Esperanza,NA,2018,rural,Indígena,0.6036
COL,Villa Esperanza,NA,2018,rural,No indígena,0.5236
COL,Villa Esperanza,NA,2018,rural,Total,0.5588
COL,Villa Esperanza,NA,2019,rural,Indígena,0.6084
COL,Villa Esperanza,NA,2019,rural,No indígena,0.5284
COL,Villa Esperanza,NA,2019,rural,Total,0.5636
COL,Villa Esperanza,NA,2020,rural,Indígena,0.6588
COL,Villa Esperanza,NA,2020,rural,No indígena,0.5788
COL,Villa Esperanza,NA,2020,rural,Total,0.6154
COL,Villa Esperanza,NA,2021,rural,Indígena,0.9
COL,Villa Esperanza,NA,2021,rural,No indígena,0.8509
COL,Villa Esperanza,NA,2021,rural,Total,0.8734
COL,Villa Esperanza,NA,2022,rural,Indígena,0.6023
COL,Villa Esperanza,NA,2022,rural,No indígena,0.5223
COL,Villa Esperanza,NA,2022,rural,Total,0.5575
COL,Villa Esperanza,NA,2023,rural,Indígena,0.6732
COL,Villa Esperanza,NA,2023,rural,No indígena,0.5932
COL,Villa Esperanza,NA,2023,rural,Total,0.6298
COL,Villa Esperanza,NA,2024,rural,Indígena,0.6027
COL,Villa Esperanza,NA,2024,rural,No indígena,0.5227
COL,Villa Esperanza,NA,2024,rural,Total,0.5594
COL,Villa Esperanza,NA,2025,rural,Indígena,0.7489
COL,Villa Esperanza,NA,2025,rural,No indígena,0.6689
COL,Villa Esperanza,NA,2025,rural,Total,0.7056
COL,Villa Norte,NA,2016,periurbano,Indígena,0.4942
COL,Villa Norte,NA,2016,periurbano,No indígena,0.4142
COL,Villa Norte,NA,2016,periurbano,Total,0.4378
COL,Villa Norte,NA,2017,periurbano,Indígena,0.4903
COL,Villa Norte,NA,2017,periurbano,No indígena,0.4103
COL,Villa Norte,NA,2017,periurbano,Total,0.4339
COL,Villa Norte,NA,2018,periurbano,Indígena,0.4836
COL,Villa Norte,NA,2018,periurbano,No indígena,0.4036
COL,Villa Norte,NA,2018,periurbano,Total,0.4272
COL,Villa Norte,NA,2019,periurbano,Indígena,0.3872
COL,Villa Norte,NA,2019,periurbano,No indígena,0.3072
COL,Villa Norte,NA,2019,periurbano,Total,0.3312
COL,Villa Norte,NA,2020,periurbano,Indígena,0.3914
COL,Villa Norte,NA,2020,periurbano,No indígena,0.3114
COL,Villa Norte,NA,2020,periurbano,Total,0.3353
COL,Villa Norte,NA,2021,periurbano,Indígena,0.3999
COL,Villa Norte,NA,2021,periurbano,No indígena,0.3199
COL,Villa Norte,NA,2021,periurbano,Total,0.3443
COL,Villa Norte,NA,2022,periurbano,Indígena,0.3158
COL,Villa Norte,NA,2022,periurbano,No indígena,0.2358
COL,Villa Norte,NA,2022,periurbano,Total,0.2598
COL,Villa Norte,NA,2023,periurbano,Indígena,0.3178
COL,Villa Norte,NA,2023,periurbano,No indígena,0.2378
COL,Villa Norte,NA,2023,periurbano,Total,0.2618
COL,Villa Norte,NA,2024,periurbano,Indígena,0.3618
COL,Villa Norte,NA,2024,periurbano,No indígena,0.2818
COL,Villa Norte,NA,2024,periurbano,Total,0.30620000000000003
COL,Villa Norte,NA,2025,periurbano,Indígena,0.2503
COL,Villa Norte,NA,2025,periurbano,No indígena,0.1703
COL,Villa Norte,NA,2025,periurbano,Total,0.1947
COL,Villa Sur,NA,2016,rural,Indígena,0.6706
COL,Villa Sur,NA,2016,rural,No indígena,0.5906
COL,Villa Sur,NA,2016,rural,Total,0.627
COL,Villa Sur,NA,2017,rural,Indígena,0.7428
COL,Villa Sur,NA,2017,rural,No indígena,0.6628
COL,Villa Sur,NA,2017,rural,Total,0.6992
COL,Villa Sur,NA,2018,rural,Indígena,0.7681
COL,Villa Sur,NA,2018,rural,No indígena,0.6881
COL,Villa Sur,NA,2018,rural,Total,0.7245
COL,Villa Sur,NA,2019,rural,Indígena,0.7174
COL,Villa Sur,NA,2019,rural,No indígena,0.6374
COL,Villa Sur,NA,2019,rural,Total,0.6738
COL,Villa Sur,NA,2020,rural,Indígena,0.6185
COL,Villa Sur,NA,2020,rural,No indígena,0.5385
COL,Villa Sur,NA,2020,rural,Total,0.5745
COL,Villa Sur,NA,2021,rural,Indígena,0.539
COL,Villa Sur,NA,2021,rural,No indígena,0.459
COL,Villa Sur,NA,2021,rural,Total,0.4933
COL,Villa Sur,NA,2022,rural,Indígena,0.7589
COL,Villa Sur,NA,2022,rural,No indígena,0.6789
COL,Villa Sur,NA,2022,rural,Total,0.7153
COL,Villa Sur,NA,2023,rural,Indígena,0.6353
COL,Villa Sur,NA,2023,rural,No indígena,0.5553
COL,Villa Sur,NA,2023,rural,Total,0.5917
COL,Villa Sur,NA,2024,rural,Indígena,0.6037
COL,Villa Sur,NA,2024,rural,No indígena,0.5237
COL,Villa Sur,NA,2024,rural,Total,0.5601
COL,Villa Sur,NA,2025,rural,Indígena,0.5347
COL,Villa Sur,NA,2025,rural,No indígena,0.4547
COL,Villa Sur,NA,2025,rural,Total,0.4911
COL,Vista Hermosa,NA,2016,rural,Indígena,0.738
COL,Vista Hermosa,NA,2016,rural,No indígena,0.658
COL,Vista Hermosa,NA,2016,rural,Total,0.6942
COL,Vista Hermosa,NA,2017,rural,Indígena,0.7599
COL,Vista Hermosa,NA,2017,rural,No indígena,0.6799
COL,Vista Hermosa,NA,2017,rural,Total,0.716
COL,Vista Hermosa,NA,2018,rural,Indígena,0.7062
COL,Vista Hermosa,NA,2018,rural,No indígena,0.6262
COL,Vista Hermosa,NA,2018,rural,Total,0.6623
COL,Vista Hermosa,NA,2019,rural,Indígena,0.671
COL,Vista Hermosa,NA,2019,rural,No indígena,0.591
COL,Vista Hermosa,NA,2019,rural,Total,0.6271
COL,Vista Hermosa,NA,2020,rural,Indígena,0.7881
COL,Vista Hermosa,NA,2020,rural,No indígena,0.7081
COL,Vista Hermosa,NA,2020,rural,Total,0.7439
COL,Vista Hermosa,NA,2021,rural,Indígena,0.533
COL,Vista Hermosa,NA,2021,rural,No indígena,0.453
COL,Vista Hermosa,NA,2021,rural,Total,0.4889
COL,Vista Hermosa,NA,2022,rural,Indígena,0.4919
COL,Vista Hermosa,NA,2022,rural,No indígena,0.4119
COL,Vista Hermosa,NA,2022,rural,Total,0.448
COL,Vista Hermosa,NA,2023,rural,Indígena,0.6398
COL,Vista Hermosa,NA,2023,rural,No indígena,0.5598
COL,Vista Hermosa,NA,2023,rural,Total,0.596
COL,Vista Hermosa,NA,2024,rural,Indígena,0.5682
COL,Vista Hermosa,NA,2024,rural,No indígena,0.4882
COL,Vista Hermosa,NA,2024,rural,Total,0.5243
COL,Vista Hermosa,NA,2025,rural,Indígena,0.5053
COL,Vista Hermosa,NA,2025,rural,No indígena,0.4253
COL,Vista Hermosa,NA,2025,rural,Total,0.4615
