iso3,Territorio,cod_local,anio,sexo,zona,etnia,valor
COL,Altos del Sol,NA,2016,Mujeres,periurbano,Indígena,0.362
COL,Altos del Sol,NA,2016,Mujeres,periurbano,No indígena,0.302
COL,Altos del Sol,NA,2016,Mujeres,periurbano,Total,0.3197
COL,Altos del Sol,NA,2017,Mujeres,periurbano,Indígena,0.3612
COL,Altos del Sol,NA,2017,Mujeres,periurbano,No indígena,0.3012
COL,Altos del Sol,NA,2017,Mujeres,periurbano,Total,0.3189
COL,Altos del Sol,NA,2018,Mujeres,periurbano,Indígena,0.3537
COL,Altos del Sol,NA,2018,Mujeres,periurbano,No indígena,0.2937
COL,Altos del Sol,NA,2018,Mujeres,periurbano,Total,0.3117
COL,Altos del Sol,NA,2019,Mujeres,periurbano,Indígena,0.459
COL,Altos del Sol,NA,2019,Mujeres,periurbano,No indígena,0.399
COL,Altos del Sol,NA,2019,Mujeres,periurbano,Total,0.417
COL,Altos del Sol,NA,2020,Mujeres,periurbano,Indígena,0.6975
COL,Altos del Sol,NA,2020,Mujeres,periurbano,No indígena,0.6375
COL,Altos del Sol,NA,2020,Mujeres,periurbano,Total,0.6557
COL,Altos del Sol,NA,2021,Mujeres,periurbano,Indígena,0.5842
COL,Altos del Sol,NA,2021,Mujeres,periurbano,No indígena,0.5242
COL,Altos del Sol,NA,2021,Mujeres,periurbano,Total,0.5418
COL,Altos del Sol,NA,2022,Mujeres,periurbano,Indígena,0.4243
COL,Altos del Sol,NA,2022,Mujeres,periurbano,No indígena,0.3643
COL,Altos del Sol,NA,2022,Mujeres,periurbano,Total,0.3826
COL,Altos del Sol,NA,2023,Mujeres,periurbano,Indígena,0.3665
COL,Altos del Sol,NA,2023,Mujeres,periurbano,No indígena,0.3065
COL,Altos del Sol,NA,2023,Mujeres,periurbano,Total,0.3248
COL,Altos del Sol,NA,2024,Mujeres,periurbano,Indígena,0.279
COL,Altos del Sol,NA,2024,Mujeres,periurbano,No indígena,0.219
COL,Altos del Sol,NA,2024,Mujeres,periurbano,Total,0.2373
COL,Altos del Sol,NA,2025,Mujeres,periurbano,Indígena,0.38
COL,Altos del Sol,NA,2025,Mujeres,periurbano,No indígena,0.32
COL,Altos del Sol,NA,2025,Mujeres,periurbano,Total,0.3376
COL,Bosques del Valle,NA,2016,Mujeres,periurbano,Indígena,0.3094
COL,Bosques del Valle,NA,2016,Mujeres,periurbano,No indígena,0.2494
COL,Bosques del Valle,NA,2016,Mujeres,periurbano,Total,0.2676
COL,Bosques del Valle,NA,2017,Mujeres,periurbano,Indígena,0.4549
COL,Bosques del Valle,NA,2017,Mujeres,periurbano,No indígena,0.3949
COL,Bosques del Valle,NA,2017,Mujeres,periurbano,Total,0.4131
COL,Bosques del Valle,NA,2018,Mujeres,periurbano,Indígena,0.4114
COL,Bosques del Valle,NA,2018,Mujeres,periurbano,No indígena,0.3514
COL,Bosques del Valle,NA,2018,Mujeres,periurbano,Total,0.3691
COL,Bosques del Valle,NA,2019,Mujeres,periurbano,Indígena,0.5073
COL,Bosques del Valle,NA,2019,Mujeres,periurbano,No indígena,0.4473
COL,Bosques del Valle,NA,2019,Mujeres,periurbano,Total,0.4651
COL,Bosques del Valle,NA,2020,Mujeres,periurbano,Indígena,0.5776
COL,Bosques del Valle,NA,2020,Mujeres,periurbano,No indígena,0.5176
COL,Bosques del Valle,NA,2020,Mujeres,periurbano,Total,0.5352
COL,Bosques del Valle,NA,2021,Mujeres,periurbano,Indígena,0.3724
COL,Bosques del Valle,NA,2021,Mujeres,periurbano,No indígena,0.3124
COL,Bosques del Valle,NA,2021,Mujeres,periurbano,Total,0.3305
COL,Bosques del Valle,NA,2022,Mujeres,periurbano,Indígena,0.4665
COL,Bosques del Valle,NA,2022,Mujeres,periurbano,No indígena,0.4065
COL,Bosques del Valle,NA,2022,Mujeres,periurbano,Total,0.4243
COL,Bosques del Valle,NA,2023,Mujeres,periurbano,Indígena,0.5142
COL,Bosques del Valle,NA,2023,Mujeres,periurbano,No indígena,0.4542
COL,Bosques del Valle,NA,2023,Mujeres,periurbano,Total,0.4723
COL,Bosques del Valle,NA,2024,Mujeres,periurbano,Indígena,0.4102
COL,Bosques del Valle,NA,2024,Mujeres,periurbano,No indígena,0.3502
COL,Bosques del Valle,NA,2024,Mujeres,periurbano,Total,0.3683
COL,Bosques del Valle,NA,2025,Mujeres,periurbano,Indígena,0.5507
COL,Bosques del Valle,NA,2025,Mujeres,periurbano,No indígena,0.4907
COL,Bosques del Valle,NA,2025,Mujeres,periurbano,Total,0.5088
COL,Colinas del Valle,NA,2016,Mujeres,rural,Indígena,0.7051
COL,Colinas del Valle,NA,2016,Mujeres,rural,No indígena,0.6451
COL,Colinas del Valle,NA,2016,Mujeres,rural,Total,0.6718
COL,Colinas del Valle,NA,2017,Mujeres,rural,Indígena,0.7361
COL,Colinas del Valle,NA,2017,Mujeres,rural,No indígena,0.6761
COL,Colinas del Valle,NA,2017,Mujeres,rural,Total,0.7028
COL,Colinas del Valle,NA,2018,Mujeres,rural,Indígena,0.7432
COL,Colinas del Valle,NA,2018,Mujeres,rural,No indígena,0.6832
COL,Colinas del Valle,NA,2018,Mujeres,rural,Total,0.7099
COL,Colinas del Valle,NA,2019,Mujeres,rural,Indígena,0.6152
COL,Colinas del Valle,NA,2019,Mujeres,rural,No indígena,0.5552
COL,Colinas del Valle,NA,2019,Mujeres,rural,Total,0.5819
COL,Colinas del Valle,NA,2020,Mujeres,rural,Indígena,0.7232
COL,Colinas del Valle,NA,2020,Mujeres,rural,No indígena,0.6632
COL,Colinas del Valle,NA,2020,Mujeres,rural,Total,0.6896
COL,Colinas del Valle,NA,2021,Mujeres,rural,Indígena,0.8026
COL,Colinas del Valle,NA,2021,Mujeres,rural,No indígena,0.7426
COL,Colinas del Valle,NA,2021,Mujeres,rural,Total,0.7703
COL,Colinas del Valle,NA,2022,Mujeres,rural,Indígena,0.5795
COL,Colinas del Valle,NA,2022,Mujeres,rural,No indígena,0.5195
COL,Colinas del Valle,NA,2022,Mujeres,rural,Total,0.5461
COL,Colinas del Valle,NA,2023,Mujeres,rural,Indígena,0.5902
COL,Colinas del Valle,NA,2023,Mujeres,rural,No indígena,0.5302
COL,Colinas del Valle,NA,2023,Mujeres,rural,Total,0.5578
COL,Colinas del Valle,NA,2024,Mujeres,rural,Indígena,0.6002
COL,Colinas del Valle,NA,2024,Mujeres,rural,No indígena,0.5402
COL,Colinas del Valle,NA,2024,Mujeres,rural,Total,0.5679
COL,Colinas del Valle,NA,2025,Mujeres,rural,Indígena,0.64
COL,Colinas del Valle,NA,2025,Mujeres,rural,No indígena,0.58
COL,Colinas del Valle,NA,2025,Mujeres,rural,Total,0.6077
COL,El Carmen,NA,2016,Mujeres,periurbano,Indígena,0.6294
COL,El Carmen,NA,2016,Mujeres,periurbano,No indígena,0.5694
COL,El Carmen,NA,2016,Mujeres,periurbano,Total,0.5871
COL,El Carmen,NA,2017,Mujeres,periurbano,Indígena,0.6523
COL,El Carmen,NA,2017,Mujeres,periurbano,No indígena,0.5923
COL,El Carmen,NA,2017,Mujeres,periurbano,Total,0.6101
COL,El Carmen,NA,2018,Mujeres,periurbano,Indígena,0.6869
COL,El Carmen,NA,2018,Mujeres,periurbano,No indígena,0.6269
COL,El Carmen,NA,2018,Mujeres,periurbano,Total,0.645
COL,El Carmen,NA,2019,Mujeres,periurbano,Indígena,0.5685
COL,El Carmen,NA,2019,Mujeres,periurbano,No indígena,0.5085
COL,El Carmen,NA,2019,Mujeres,periurbano,Total,0.5266
COL,El Carmen,NA,2020,Mujeres,periurbano,Indígena,0.6287
COL,El Carmen,NA,2020,Mujeres,periurbano,No indígena,0.5687
COL,El Carmen,NA,2020,Mujeres,periurbano,Total,0.5867
COL,El Carmen,NA,2021,Mujeres,periurbano,Indígena,0.5172
COL,El Carmen,NA,2021,Mujeres,periurbano,No indígena,0.4572
COL,El Carmen,NA,2021,Mujeres,periurbano,Total,0.4748
COL,El Carmen,NA,2022,Mujeres,periurbano,Indígena,0.5495
COL,El Carmen,NA,2022,Mujeres,periurbano,No indígena,0.4895
COL,El Carmen,NA,2022,Mujeres,periurbano,Total,0.5076
COL,El Carmen,NA,2023,Mujeres,periurbano,Indígena,0.5422
COL,El Carmen,NA,2023,Mujeres,periurbano,No indígena,0.4822
COL,El Carmen,NA,2023,Mujeres,periurbano,Total,0.5006
COL,El Carmen,NA,2024,Mujeres,periurbano,Indígena,0.6361
COL,El Carmen,NA,2024,Mujeres,periurbano,No indígena,0.5761
COL,El Carmen,NA,2024,Mujeres,periurbano,Total,0.5946
COL,El Carmen,NA,2025,Mujeres,periurbano,Indígena,0.4908
COL,El Carmen,NA,2025,Mujeres,periurbano,No indígena,0.4308
COL,El Carmen,NA,2025,Mujeres,periurbano,Total,0.4484
COL,El Edén,NA,2016,Mujeres,periurbano,Indígena,0.5178
COL,El Edén,NA,2016,Mujeres,periurbano,No indígena,0.4578
COL,El Edén,NA,2016,Mujeres,periurbano,Total,0.476
COL,El Edén,NA,2017,Mujeres,periurbano,Indígena,0.4691
COL,El Edén,NA,2017,Mujeres,periurbano,No indígena,0.4091
COL,El Edén,NA,2017,Mujeres,periurbano,Total,0.427
COL,El Edén,NA,2018,Mujeres,periurbano,Indígena,0.4464
COL,El Edén,NA,2018,Mujeres,periurbano,No indígena,0.3864
COL,El Edén,NA,2018,Mujeres,periurbano,Total,0.4042
COL,El Edén,NA,2019,Mujeres,periurbano,Indígena,0.5669
COL,El Edén,NA,2019,Mujeres,periurbano,No indígena,0.5069
COL,El Edén,NA,2019,Mujeres,periurbano,Total,0.5248
COL,El Edén,NA,2020,Mujeres,periurbano,Indígena,0.5356
COL,El Edén,NA,2020,Mujeres,periurbano,No indígena,0.4756
COL,El Edén,NA,2020,Mujeres,periurbano,Total,0.4939
COL,El Edén,NA,2021,Mujeres,periurbano,Indígena,0.5674
COL,El Edén,NA,2021,Mujeres,periurbano,No indígena,0.5074
COL,El Edén,NA,2021,Mujeres,periurbano,Total,0.5252
COL,El Edén,NA,2022,Mujeres,periurbano,Indígena,0.5713
COL,El Edén,NA,2022,Mujeres,periurbano,No indígena,0.5113
COL,El Edén,NA,2022,Mujeres,periurbano,Total,0.5294
COL,El Edén,NA,2023,Mujeres,periurbano,Indígena,0.6947
COL,El Edén,NA,2023,Mujeres,periurbano,No indígena,0.6347
COL,El Edén,NA,2023,Mujeres,periurbano,Total,0.6528
COL,El Edén,NA,2024,Mujeres,periurbano,Indígena,0.6101
COL,El Edén,NA,2024,Mujeres,periurbano,No indígena,0.5501
COL,El Edén,NA,2024,Mujeres,periurbano,Total,0.5685
COL,El Edén,NA,2025,Mujeres,periurbano,Indígena,0.5718
COL,El Edén,NA,2025,Mujeres,periurbano,No indígena,0.5118
COL,El Edén,NA,2025,Mujeres,periurbano,Total,0.5296
COL,El Mirador,NA,2016,Mujeres,rural,Indígena,0.5876
COL,El Mirador,NA,2016,Mujeres,rural,No indígena,0.5276
COL,El Mirador,NA,2016,Mujeres,rural,Total,0.5542
COL,El Mirador,NA,2017,Mujeres,rural,Indígena,0.5491
COL,El Mirador,NA,2017,Mujeres,rural,No indígena,0.4891
COL,El Mirador,NA,2017,Mujeres,rural,Total,0.5158
COL,El Mirador,NA,2018,Mujeres,rural,Indígena,0.8145
COL,El Mirador,NA,2018,Mujeres,rural,No indígena,0.7545
COL,El Mirador,NA,2018,Mujeres,rural,Total,0.7812
COL,El Mirador,NA,2019,Mujeres,rural,Indígena,0.5686
COL,El Mirador,NA,2019,Mujeres,rural,No indígena,0.5086
COL,El Mirador,NA,2019,Mujeres,rural,Total,0.5353
COL,El Mirador,NA,2020,Mujeres,rural,Indígena,0.568
COL,El Mirador,NA,2020,Mujeres,rural,No indígena,0.508
COL,El Mirador,NA,2020,Mujeres,rural,Total,0.5344
COL,El Mirador,NA,2021,Mujeres,rural,Indígena,0.6359
COL,El Mirador,NA,2021,Mujeres,rural,No indígena,0.5759
COL,El Mirador,NA,2021,Mujeres,rural,Total,0.6036
COL,El Mirador,NA,2022,Mujeres,rural,Indígena,0.6044
COL,El Mirador,NA,2022,Mujeres,rural,No indígena,0.5444
COL,El Mirador,NA,2022,Mujeres,rural,Total,0.5721
COL,El Mirador,NA,2023,Mujeres,rural,Indígena,0.5586
COL,El Mirador,NA,2023,Mujeres,rural,No indígena,0.4986
COL,El Mirador,NA,2023,Mujeres,rural,Total,0.5263
COL,El Mirador,NA,2024,Mujeres,rural,Indígena,0.5333
COL,El Mirador,NA,2024,Mujeres,rural,No indígena,0.4733
COL,El Mirador,NA,2024,Mujeres,rural,Total,0.501
COL,El Mirador,NA,2025,Mujeres,rural,Indígena,0.7049
COL,El Mirador,NA,2025,Mujeres,rural,No indígena,0.6449
COL,El Mirador,NA,2025,Mujeres,rural,Total,0.6726
COL,El Porvenir,NA,2016,Mujeres,rural,Indígena,0.7422
COL,El Porvenir,NA,2016,Mujeres,rural,No indígena,0.6822
COL,El Porvenir,NA,2016,Mujeres,rural,Total,0.7085
COL,El Porvenir,NA,2017,Mujeres,rural,Indígena,0.7473
COL,El Porvenir,NA,2017,Mujeres,rural,No indígena,0.6873
COL,El Porvenir,NA,2017,Mujeres,rural,Total,0.7135
COL,El Porvenir,NA,2018,Mujeres,rural,Indígena,0.592
COL,El Porvenir,NA,2018,Mujeres,rural,No indígena,0.532
COL,El Porvenir,NA,2018,Mujeres,rural,Total,0.5582
COL,El Porvenir,NA,2019,Mujeres,rural,Indígena,0.5384
COL,El Porvenir,NA,2019,Mujeres,rural,No indígena,0.4784
COL,El Porvenir,NA,2019,Mujeres,rural,Total,0.5055
COL,El Porvenir,NA,2020,Mujeres,rural,Indígena,0.7556
COL,El Porvenir,NA,2020,Mujeres,rural,No indígena,0.6956
COL,El Porvenir,NA,2020,Mujeres,rural,Total,0.7225
COL,El Porvenir,NA,2021,Mujeres,rural,Indígena,0.6797
COL,El Porvenir,NA,2021,Mujeres,rural,No indígena,0.6197
COL,El Porvenir,NA,2021,Mujeres,rural,Total,0.6468
COL,El Porvenir,NA,2022,Mujeres,rural,Indígena,0.6691
COL,El Porvenir,NA,2022,Mujeres,rural,No indígena,0.6091
COL,El Porvenir,NA,2022,Mujeres,rural,Total,0.6362
COL,El Porvenir,NA,2023,Mujeres,rural,Indígena,0.736
COL,El Porvenir,NA,2023,Mujeres,rural,No indígena,0.676
COL,El Porvenir,NA,2023,Mujeres,rural,Total,0.7031
COL,El Porvenir,NA,2024,Mujeres,rural,Indígena,0.8634
COL,El Porvenir,NA,2024,Mujeres,rural,No indígena,0.8034
COL,El Porvenir,NA,2024,Mujeres,rural,Total,0.8305
COL,El Porvenir,NA,2025,Mujeres,rural,Indígena,0.7418
COL,El Porvenir,NA,2025,Mujeres,rural,No indígena,0.6818
COL,El Porvenir,NA,2025,Mujeres,rural,Total,0.7089
COL,La Alameda,NA,2016,Mujeres,rural,Indígena,0.6953
COL,La Alameda,NA,2016,Mujeres,rural,No indígena,0.6353
COL,La Alameda,NA,2016,Mujeres,rural,Total,0.6617
COL,La Alameda,NA,2017,Mujeres,rural,Indígena,0.6409
COL,La Alameda,NA,2017,Mujeres,rural,No indígena,0.5809
COL,La Alameda,NA,2017,Mujeres,rural,Total,0.6073
COL,La Alameda,NA,2018,Mujeres,rural,Indígena,0.5165
COL,La Alameda,NA,2018,Mujeres,rural,No indígena,0.4565
COL,La Alameda,NA,2018,Mujeres,rural,Total,0.4829
COL,La Alameda,NA,2019,Mujeres,rural,Indígena,0.7611
COL,La Alameda,NA,2019,Mujeres,rural,No indígena,0.7011
COL,La Alameda,NA,2019,Mujeres,rural,Total,0.7275
COL,La Alameda,NA,2020,Mujeres,rural,Indígena,0.9
COL,La Alameda,NA,2020,Mujeres,rural,No indígena,0.9
COL,La Alameda,NA,2020,Mujeres,rural,Total,0.9
COL,La Alameda,NA,2021,Mujeres,rural,Indígena,0.8164
COL,La Alameda,NA,2021,Mujeres,rural,No indígena,0.7564
COL,La Alameda,NA,2021,Mujeres,rural,Total,0.7839
COL,La Alameda,NA,2022,Mujeres,rural,Indígena,0.7973
COL,La Alameda,NA,2022,Mujeres,rural,No indígena,0.7373
COL,La Alameda,NA,2022,Mujeres,rural,Total,0.7637
COL,La Alameda,NA,2023,Mujeres,rural,Indígena,0.5244
COL,La Alameda,NA,2023,Mujeres,rural,No indígena,0.4644
COL,La Alameda,NA,2023,Mujeres,rural,Total,0.4919
COL,La Alameda,NA,2024,Mujeres,rural,Indígena,0.743
COL,La Alameda,NA,2024,Mujeres,rural,No indígena,0.683
COL,La Alameda,NA,2024,Mujeres,rural,Total,0.7105
COL,La Alameda,NA,2025,Mujeres,rural,Indígena,0.6301
COL,La Alameda,NA,2025,Mujeres,rural,No indígena,0.5701
COL,La Alameda,NA,2025,Mujeres,rural,Total,0.5976
COL,La Arboleda,NA,2016,Mujeres,periurbano,Indígena,0.1992
COL,La Arboleda,NA,2016,Mujeres,periurbano,No indígena,0.1392
COL,La Arboleda,NA,2016,Mujeres,periurbano,Total,0.1576
COL,La Arboleda,NA,2017,Mujeres,periurbano,Indígena,0.4473
COL,La Arboleda,NA,2017,Mujeres,periurbano,No indígena,0.3873
COL,La Arboleda,NA,2017,Mujeres,periurbano,Total,0.4057
COL,La Arboleda,NA,2018,Mujeres,periurbano,Indígena,0.378
COL,La Arboleda,NA,2018,Mujeres,periurbano,No indígena,0.318
COL,La Arboleda,NA,2018,Mujeres,periurbano,Total,0.3355
COL,La Arboleda,NA,2019,Mujeres,periurbano,Indígena,0.3797
COL,La Arboleda,NA,2019,Mujeres,periurbano,No indígena,0.3197
COL,La Arboleda,NA,2019,Mujeres,periurbano,Total,0.3372
COL,La Arboleda,NA,2020,Mujeres,periurbano,Indígena,0.4608
COL,La Arboleda,NA,2020,Mujeres,periurbano,No indígena,0.4008
COL,La Arboleda,NA,2020,Mujeres,periurbano,Total,0.4185
COL,La Arboleda,NA,2021,Mujeres,periurbano,Indígena,0.4818
COL,La Arboleda,NA,2021,Mujeres,periurbano,No indígena,0.4218
COL,La Arboleda,NA,2021,Mujeres,periurbano,Total,0.44
COL,La Arboleda,NA,2022,Mujeres,periurbano,Indígena,0.478
COL,La Arboleda,NA,2022,Mujeres,periurbano,No indígena,0.418
COL,La Arboleda,NA,2022,Mujeres,periurbano,Total,0.4359
COL,La Arboleda,NA,2023,Mujeres,periurbano,Indígena,0.4983
COL,La Arboleda,NA,2023,Mujeres,periurbano,No indígena,0.4383
COL,La Arboleda,NA,2023,Mujeres,periurbano,Total,0.4562
COL,La Arboleda,NA,2024,Mujeres,periurbano,Indígena,0.3513
COL,La Arboleda,NA,2024,Mujeres,periurbano,No indígena,0.2913
COL,La Arboleda,NA,2024,Mujeres,periurbano,Total,0.3091
COL,La Arboleda,NA,2025,Mujeres,periurbano,Indígena,0.4667
COL,La Arboleda,NA,2025,Mujeres,periurbano,No indígena,0.4067
COL,La Arboleda,NA,2025,Mujeres,periurbano,Total,0.4245
COL,La Cañada,NA,2016,Mujeres,rural,Indígena,0.6864
COL,La Cañada,NA,2016,Mujeres,rural,No indígena,0.6264
COL,La Cañada,NA,2016,Mujeres,rural,Total,0.6536
COL,La Cañada,NA,2017,Mujeres,rural,Indígena,0.6249
COL,La Cañada,NA,2017,Mujeres,rural,No indígena,0.5649
COL,La Cañada,NA,2017,Mujeres,rural,Total,0.5922
COL,La Cañada,NA,2018,Mujeres,rural,Indígena,0.7875
COL,La Cañada,NA,2018,Mujeres,rural,No indígena,0.7275
COL,La Cañada,NA,2018,Mujeres,rural,Total,0.7548
COL,La Cañada,NA,2019,Mujeres,rural,Indígena,0.6192
COL,La Cañada,NA,2019,Mujeres,rural,No indígena,0.5592
COL,La Cañada,NA,2019,Mujeres,rural,Total,0.5865
COL,La Cañada,NA,2020,Mujeres,rural,Indígena,0.6075
COL,La Cañada,NA,2020,Mujeres,rural,No indígena,0.5475
COL,La Cañada,NA,2020,Mujeres,rural,Total,0.5745
COL,La Cañada,NA,2021,Mujeres,rural,Indígena,0.7963
COL,La Cañada,NA,2021,Mujeres,rural,No indígena,0.7363
COL,La Cañada,NA,2021,Mujeres,rural,Total,0.762
COL,La Cañada,NA,2022,Mujeres,rural,Indígena,0.6093
COL,La Cañada,NA,2022,Mujeres,rural,No indígena,0.5493
COL,La Cañada,NA,2022,Mujeres,rural,Total,0.5766
COL,La Cañada,NA,2023,Mujeres,rural,Indígena,0.5609
COL,La Cañada,NA,2023,Mujeres,rural,No indígena,0.5009
COL,La Cañada,NA,2023,Mujeres,rural,Total,0.5282
COL,La Cañada,NA,2024,Mujeres,rural,Indígena,0.506
COL,La Cañada,NA,2024,Mujeres,rural,No indígena,0.446
COL,La Cañada,NA,2024,Mujeres,rural,Total,0.4733
COL,La Cañada,NA,2025,Mujeres,rural,Indígena,0.4373
COL,La Cañada,NA,2025,Mujeres,rural,No indígena,0.3773
COL,La Cañada,NA,2025,Mujeres,rural,Total,0.4046
COL,La Esperanza,NA,2016,Mujeres,urbano,Indígena,0.127
COL,La Esperanza,NA,2016,Mujeres,urbano,No indígena,0.067
COL,La Esperanza,NA,2016,Mujeres,urbano,Total,0.0759
COL,La Esperanza,NA,2017,Mujeres,urbano,Indígena,0.1341
COL,La Esperanza,NA,2017,Mujeres,urbano,No indígena,0.0741
COL,La Esperanza,NA,2017,Mujeres,urbano,Total,0.0829
COL,La Esperanza,NA,2018,Mujeres,urbano,Indígena,0.1244
COL,La Esperanza,NA,2018,Mujeres,urbano,No indígena,0.0644
COL,La Esperanza,NA,2018,Mujeres,urbano,Total,0.0733
COL,La Esperanza,NA,2019,Mujeres,urbano,Indígena,0.1452
COL,La Esperanza,NA,2019,Mujeres,urbano,No indígena,0.0852
COL,La Esperanza,NA,2019,Mujeres,urbano,Total,0.0942
COL,La Esperanza,NA,2020,Mujeres,urbano,Indígena,0.1547
COL,La Esperanza,NA,2020,Mujeres,urbano,No indígena,0.0947
COL,La Esperanza,NA,2020,Mujeres,urbano,Total,0.1035
COL,La Esperanza,NA,2021,Mujeres,urbano,Indígena,0.1311
COL,La Esperanza,NA,2021,Mujeres,urbano,No indígena,0.0711
COL,La Esperanza,NA,2021,Mujeres,urbano,Total,0.0803
COL,La Esperanza,NA,2022,Mujeres,urbano,Indígena,0.0566
COL,La Esperanza,NA,2022,Mujeres,urbano,No indígena,0.02
COL,La Esperanza,NA,2022,Mujeres,urbano,Total,0.0255
COL,La Esperanza,NA,2023,Mujeres,urbano,Indígena,0.0772
COL,La Esperanza,NA,2023,Mujeres,urbano,No indígena,0.02
COL,La Esperanza,NA,2023,Mujeres,urbano,Total,0.0288
COL,La Esperanza,NA,2024,Mujeres,urbano,Indígena,0.0813
COL,La Esperanza,NA,2024,Mujeres,urbano,No indígena,0.0213
COL,La Esperanza,NA,2024,Mujeres,urbano,Total,0.0305
COL,La Esperanza,NA,2025,Mujeres,urbano,Indígena,0.1095
COL,La Esperanza,NA,2025,Mujeres,urbano,No indígena,0.0495
COL,La Esperanza,NA,2025,Mujeres,urbano,Total,0.0586
COL,La Primavera,NA,2016,Mujeres,periurbano,Indígena,0.5652
COL,La Primavera,NA,2016,Mujeres,periurbano,No indígena,0.5052
COL,La Primavera,NA,2016,Mujeres,periurbano,Total,0.5231
COL,La Primavera,NA,2017,Mujeres,periurbano,Indígena,0.5347
COL,La Primavera,NA,2017,Mujeres,periurbano,No indígena,0.4747
COL,La Primavera,NA,2017,Mujeres,periurbano,Total,0.4926
COL,La Primavera,NA,2018,Mujeres,periurbano,Indígena,0.5332
COL,La Primavera,NA,2018,Mujeres,periurbano,No indígena,0.4732
COL,La Primavera,NA,2018,Mujeres,periurbano,Total,0.4913
COL,La Primavera,NA,2019,Mujeres,periurbano,Indígena,0.434
COL,La Primavera,NA,2019,Mujeres,periurbano,No indígena,0.374
COL,La Primavera,NA,2019,Mujeres,periurbano,Total,0.3921
COL,La Primavera,NA,2020,Mujeres,periurbano,Indígena,0.4746
COL,La Primavera,NA,2020,Mujeres,periurbano,No indígena,0.4146
COL,La Primavera,NA,2020,Mujeres,periurbano,Total,0.4324
COL,La Primavera,NA,2021,Mujeres,periurbano,Indígena,0.554
COL,La Primavera,NA,2021,Mujeres,periurbano,No indígena,0.494
COL,La Primavera,NA,2021,Mujeres,periurbano,Total,0.5121
COL,La Primavera,NA,2022,Mujeres,periurbano,Indígena,0.5064
COL,La Primavera,NA,2022,Mujeres,periurbano,No indígena,0.4464
COL,La Primavera,NA,2022,Mujeres,periurbano,Total,0.4642
COL,La Primavera,NA,2023,Mujeres,periurbano,Indígena,0.4059
COL,La Primavera,NA,2023,Mujeres,periurbano,No indígena,0.3459
COL,La Primavera,NA,2023,Mujeres,periurbano,Total,0.3638
COL,La Primavera,NA,2024,Mujeres,periurbano,Indígena,0.5037
COL,La Primavera,NA,2024,Mujeres,periurbano,No indígena,0.4437
COL,La Primavera,NA,2024,Mujeres,periurbano,Total,0.4615
COL,La Primavera,NA,2025,Mujeres,periurbano,Indígena,0.459
COL,La Primavera,NA,2025,Mujeres,periurbano,No indígena,0.399
COL,La Primavera,NA,2025,Mujeres,periurbano,Total,0.417
COL,La Rivera,NA,2016,Mujeres,urbano,Indígena,0.0518
COL,La Rivera,NA,2016,Mujeres,urbano,No indígena,0.02
COL,La Rivera,NA,2016,Mujeres,urbano,Total,0.0248
COL,La Rivera,NA,2017,Mujeres,urbano,Indígena,0.0463
COL,La Rivera,NA,2017,Mujeres,urbano,No indígena,0.02
COL,La Rivera,NA,2017,Mujeres,urbano,Total,0.024
COL,La Rivera,NA,2018,Mujeres,urbano,Indígena,0.02
COL,La Rivera,NA,2018,Mujeres,urbano,No indígena,0.02
COL,La Rivera,NA,2018,Mujeres,urbano,Total,0.02
COL,La Rivera,NA,2019,Mujeres,urbano,Indígena,0.1167
COL,La Rivera,NA,2019,Mujeres,urbano,No indígena,0.0567
COL,La Rivera,NA,2019,Mujeres,urbano,Total,0.0659
COL,La Rivera,NA,2020,Mujeres,urbano,Indígena,0.1036
COL,La Rivera,NA,2020,Mujeres,urbano,No indígena,0.0436
COL,La Rivera,NA,2020,Mujeres,urbano,Total,0.0528
COL,La Rivera,NA,2021,Mujeres,urbano,Indígena,0.093
COL,La Rivera,NA,2021,Mujeres,urbano,No indígena,0.033
COL,La Rivera,NA,2021,Mujeres,urbano,Total,0.042
COL,La Rivera,NA,2022,Mujeres,urbano,Indígena,0.1097
COL,La Rivera,NA,2022,Mujeres,urbano,No indígena,0.0497
COL,La Rivera,NA,2022,Mujeres,urbano,Total,0.0585
COL,La Rivera,NA,2023,Mujeres,urbano,Indígena,0.0621
COL,La Rivera,NA,2023,Mujeres,urbano,No indígena,0.02
COL,La Rivera,NA,2023,Mujeres,urbano,Total,0.0263
COL,La Rivera,NA,2024,Mujeres,urbano,Indígena,0.0391
COL,La Rivera,NA,2024,Mujeres,urbano,No indígena,0.02
COL,La Rivera,NA,2024,Mujeres,urbano,Total,0.0228
COL,La Rivera,NA,2025,Mujeres,urbano,Indígena,0.02
COL,La Rivera,NA,2025,Mujeres,urbano,No indígena,0.02
COL,La Rivera,NA,2025,Mujeres,urbano,Total,0.02
COL,Las Brisas,NA,2016,Mujeres,rural,Indígena,0.7313
COL,Las Brisas,NA,2016,Mujeres,rural,No indígena,0.6713
COL,Las Brisas,NA,2016,Mujeres,rural,Total,0.6984
COL,Las Brisas,NA,2017,Mujeres,rural,Indígena,0.8077
COL,Las Brisas,NA,2017,Mujeres,rural,No indígena,0.7477
COL,Las Brisas,NA,2017,Mujeres,rural,Total,0.7748
COL,Las Brisas,NA,2018,Mujeres,rural,Indígena,0.689
COL,Las Brisas,NA,2018,Mujeres,rural,No indígena,0.629
COL,Las Brisas,NA,2018,Mujeres,rural,Total,0.6559
COL,Las Brisas,NA,2019,Mujeres,rural,Indígena,0.6102
COL,Las Brisas,NA,2019,Mujeres,rural,No indígena,0.5502
COL,Las Brisas,NA,2019,Mujeres,rural,Total,0.5771
COL,Las Brisas,NA,2020,Mujeres,rural,Indígena,0.8071
COL,Las Brisas,NA,2020,Mujeres,rural,No indígena,0.7471
COL,Las Brisas,NA,2020,Mujeres,rural,Total,0.7737
COL,Las Brisas,NA,2021,Mujeres,rural,Indígena,0.8026
COL,Las Brisas,NA,2021,Mujeres,rural,No indígena,0.7426
COL,Las Brisas,NA,2021,Mujeres,rural,Total,0.7695
COL,Las Brisas,NA,2022,Mujeres,rural,Indígena,0.7856
COL,Las Brisas,NA,2022,Mujeres,rural,No indígena,0.7256
COL,Las Brisas,NA,2022,Mujeres,rural,Total,0.7525
COL,Las Brisas,NA,2023,Mujeres,rural,Indígena,0.6367
COL,Las Brisas,NA,2023,Mujeres,rural,No indígena,0.5767
COL,Las Brisas,NA,2023,Mujeres,rural,Total,0.6036
COL,Las Brisas,NA,2024,Mujeres,rural,Indígena,0.7138
COL,Las Brisas,NA,2024,Mujeres,rural,No indígena,0.6538
COL,Las Brisas,NA,2024,Mujeres,rural,Total,0.6807
COL,Las Brisas,NA,2025,Mujeres,rural,Indígena,0.8634
COL,Las Brisas,NA,2025,Mujeres,rural,No indígena,0.8034
COL,Las Brisas,NA,2025,Mujeres,rural,Total,0.8303
COL,Las Palmas,NA,2016,Mujeres,periurbano,Indígena,0.3049
COL,Las Palmas,NA,2016,Mujeres,periurbano,No indígena,0.2449
COL,Las Palmas,NA,2016,Mujeres,periurbano,Total,0.263
COL,Las Palmas,NA,2017,Mujeres,periurbano,Indígena,0.4482
COL,Las Palmas,NA,2017,Mujeres,periurbano,No indígena,0.3882
COL,Las Palmas,NA,2017,Mujeres,periurbano,Total,0.4064
COL,Las Palmas,NA,2018,Mujeres,periurbano,Indígena,0.3295
COL,Las Palmas,NA,2018,Mujeres,periurbano,No indígena,0.2695
COL,Las Palmas,NA,2018,Mujeres,periurbano,Total,0.2877
COL,Las Palmas,NA,2019,Mujeres,periurbano,Indígena,0.3906
COL,Las Palmas,NA,2019,Mujeres,periurbano,No indígena,0.3306
COL,Las Palmas,NA,2019,Mujeres,periurbano,Total,0.3491
COL,Las Palmas,NA,2020,Mujeres,periurbano,Indígena,0.436
COL,Las Palmas,NA,2020,Mujeres,periurbano,No indígena,0.376
COL,Las Palmas,NA,2020,Mujeres,periurbano,Total,0.3943
COL,Las Palmas,NA,2021,Mujeres,periurbano,Indígena,0.359
COL,Las Palmas,NA,2021,Mujeres,periurbano,No indígena,0.299
COL,Las Palmas,NA,2021,Mujeres,periurbano,Total,0.317
COL,Las Palmas,NA,2022,Mujeres,periurbano,Indígena,0.4291
COL,Las Palmas,NA,2022,Mujeres,periurbano,No indígena,0.3691
COL,Las Palmas,NA,2022,Mujeres,periurbano,Total,0.3868
COL,Las Palmas,NA,2023,Mujeres,periurbano,Indígena,0.4176
COL,Las Palmas,NA,2023,Mujeres,periurbano,No indígena,0.3576
COL,Las Palmas,NA,2023,Mujeres,periurbano,Total,0.3752
COL,Las Palmas,NA,2024,Mujeres,periurbano,Indígena,0.562
COL,Las Palmas,NA,2024,Mujeres,periurbano,No indígena,0.502
COL,Las Palmas,NA,2024,Mujeres,periurbano,Total,0.52
COL,Las Palmas,NA,2025,Mujeres,periurbano,Indígena,0.4396
COL,Las Palmas,NA,2025,Mujeres,periurbano,No indígena,0.3796
COL,Las Palmas,NA,2025,Mujeres,periurbano,Total,0.3976
COL,Los Arrayanes,NA,2016,Mujeres,rural,Indígena,0.603
COL,Los Arrayanes,NA,2016,Mujeres,rural,No indígena,0.543
COL,Los Arrayanes,NA,2016,Mujeres,rural,Total,0.5697
COL,Los Arrayanes,NA,2017,Mujeres,rural,Indígena,0.5764
COL,Los Arrayanes,NA,2017,Mujeres,rural,No indígena,0.5164
COL,Los Arrayanes,NA,2017,Mujeres,rural,Total,0.5431
COL,Los Arrayanes,NA,2018,Mujeres,rural,Indígena,0.8614
COL,Los Arrayanes,NA,2018,Mujeres,rural,No indígena,0.8014
COL,Los Arrayanes,NA,2018,Mujeres,rural,Total,0.828
COL,Los Arrayanes,NA,2019,Mujeres,rural,Indígena,0.7071
COL,Los Arrayanes,NA,2019,Mujeres,rural,No indígena,0.6471
COL,Los Arrayanes,NA,2019,Mujeres,rural,Total,0.6748
COL,Los Arrayanes,NA,2020,Mujeres,rural,Indígena,0.8189
COL,Los Arrayanes,NA,2020,Mujeres,rural,No indígena,0.7589
COL,Los Arrayanes,NA,2020,Mujeres,rural,Total,0.7853
COL,Los Arrayanes,NA,2021,Mujeres,rural,Indígena,0.7922
COL,Los Arrayanes,NA,2021,Mujeres,rural,No indígena,0.7322
COL,Los Arrayanes,NA,2021,Mujeres,rural,Total,0.7586
COL,Los Arrayanes,NA,2022,Mujeres,rural,Indígena,0.7554
COL,Los Arrayanes,NA,2022,Mujeres,rural,No indígena,0.6954
COL,Los Arrayanes,NA,2022,Mujeres,rural,Total,0.7231
COL,Los Arrayanes,NA,2023,Mujeres,rural,Indígena,0.704
COL,Los Arrayanes,NA,2023,Mujeres,rural,No indígena,0.644
COL,Los Arrayanes,NA,2023,Mujeres,rural,Total,0.6717
COL,Los Arrayanes,NA,2024,Mujeres,rural,Indígena,0.7347
COL,Los Arrayanes,NA,2024,Mujeres,rural,No indígena,0.6747
COL,Los Arrayanes,NA,2024,Mujeres,rural,Total,0.7011
COL,Los Arrayanes,NA,2025,Mujeres,rural,Indígena,0.4003
COL,Los Arrayanes,NA,2025,Mujeres,rural,No indígena,0.3403
COL,Los Arrayanes,NA,2025,Mujeres,rural,Total,0.3667
COL,Los Pinos,NA,2016,Mujeres,rural,Indígena,0.6729
COL,Los Pinos,NA,2016,Mujeres,rural,No indígena,0.6129
COL,Los Pinos,NA,2016,Mujeres,rural,Total,0.6404
COL,Los Pinos,NA,2017,Mujeres,rural,Indígena,0.7161
COL,Los Pinos,NA,2017,Mujeres,rural,No indígena,0.6561
COL,Los Pinos,NA,2017,Mujeres,rural,Total,0.6836
COL,Los Pinos,NA,2018,Mujeres,rural,Indígena,0.6018
COL,Los Pinos,NA,2018,Mujeres,rural,No indígena,0.5418
COL,Los Pinos,NA,2018,Mujeres,rural,Total,0.5693
COL,Los Pinos,NA,2019,Mujeres,rural,Indígena,0.6238
COL,Los Pinos,NA,2019,Mujeres,rural,No indígena,0.5638
COL,Los Pinos,NA,2019,Mujeres,rural,Total,0.5913
COL,Los Pinos,NA,2020,Mujeres,rural,Indígena,0.7348
COL,Los Pinos,NA,2020,Mujeres,rural,No indígena,0.6748
COL,Los Pinos,NA,2020,Mujeres,rural,Total,0.702
COL,Los Pinos,NA,2021,Mujeres,rural,Indígena,0.7073
COL,Los Pinos,NA,2021,Mujeres,rural,No indígena,0.6473
COL,Los Pinos,NA,2021,Mujeres,rural,Total,0.6734
COL,Los Pinos,NA,2022,Mujeres,rural,Indígena,0.6758
COL,Los Pinos,NA,2022,Mujeres,rural,No indígena,0.6158
COL,Los Pinos,NA,2022,Mujeres,rural,Total,0.6419
COL,Los Pinos,NA,2023,Mujeres,rural,Indígena,0.6823
COL,Los Pinos,NA,2023,Mujeres,rural,No indígena,0.6223
COL,Los Pinos,NA,2023,Mujeres,rural,Total,0.6484
COL,Los Pinos,NA,2024,Mujeres,rural,Indígena,0.6136
COL,Los Pinos,NA,2024,Mujeres,rural,No indígena,0.5536
COL,Los Pinos,NA,2024,Mujeres,rural,Total,0.5797
COL,Los Pinos,NA,2025,Mujeres,rural,Indígena,0.6143
COL,Los Pinos,NA,2025,Mujeres,rural,No indígena,0.5543
COL,Los Pinos,NA,2025,Mujeres,rural,Total,0.5804
COL,Los Álamos,NA,2016,Mujeres,rural,Indígena,0.6954
COL,Los Álamos,NA,2016,Mujeres,rural,No indígena,0.6354
COL,Los Álamos,NA,2016,Mujeres,rural,Total,0.6626
COL,Los Álamos,NA,2017,Mujeres,rural,Indígena,0.8073
COL,Los Álamos,NA,2017,Mujeres,rural,No indígena,0.7473
COL,Los Álamos,NA,2017,Mujeres,rural,Total,0.7745
COL,Los Álamos,NA,2018,Mujeres,rural,Indígena,0.6521
COL,Los Álamos,NA,2018,Mujeres,rural,No indígena,0.5921
COL,Los Álamos,NA,2018,Mujeres,rural,Total,0.6194
COL,Los Álamos,NA,2019,Mujeres,rural,Indígena,0.7827
COL,Los Álamos,NA,2019,Mujeres,rural,No indígena,0.7227
COL,Los Álamos,NA,2019,Mujeres,rural,Total,0.75
COL,Los Álamos,NA,2020,Mujeres,rural,Indígena,0.749
COL,Los Álamos,NA,2020,Mujeres,rural,No indígena,0.689
COL,Los Álamos,NA,2020,Mujeres,rural,Total,0.716
COL,Los Álamos,NA,2021,Mujeres,rural,Indígena,0.7534
COL,Los Álamos,NA,2021,Mujeres,rural,No indígena,0.6934
COL,Los Álamos,NA,2021,Mujeres,rural,Total,0.7192
COL,Los Álamos,NA,2022,Mujeres,rural,Indígena,0.8091
COL,Los Álamos,NA,2022,Mujeres,rural,No indígena,0.7491
COL,Los Álamos,NA,2022,Mujeres,rural,Total,0.7764
COL,Los Álamos,NA,2023,Mujeres,rural,Indígena,0.8165
COL,Los Álamos,NA,2023,Mujeres,rural,No indígena,0.7565
COL,Los Álamos,NA,2023,Mujeres,rural,Total,0.7837
COL,Los Álamos,NA,2024,Mujeres,rural,Indígena,0.6586
COL,Los Álamos,NA,2024,Mujeres,rural,No indígena,0.5986
COL,Los Álamos,NA,2024,Mujeres,rural,Total,0.6259
COL,Los Álamos,NA,2025,Mujeres,rural,Indígena,0.5704
COL,Los Álamos,NA,2025,Mujeres,rural,No indígena,0.5104
COL,Los Álamos,NA,2025,Mujeres,rural,Total,0.5361
COL,Nueva Esperanza,NA,2016,Mujeres,periurbano,Indígena,0.6781
COL,Nueva Esperanza,NA,2016,Mujeres,periurbano,No indígena,0.6181
COL,Nueva Esperanza,NA,2016,Mujeres,periurbano,Total,0.6363
COL,Nueva Esperanza,NA,2017,Mujeres,periurbano,Indígena,0.6392
COL,Nueva Esperanza,NA,2017,Mujeres,periurbano,No indígena,0.5792
COL,Nueva Esperanza,NA,2017,Mujeres,periurbano,Total,0.5973
COL,Nueva Esperanza,NA,2018,Mujeres,periurbano,Indígena,0.625
COL,Nueva Esperanza,NA,2018,Mujeres,periurbano,No indígena,0.565
COL,Nueva Esperanza,NA,2018,Mujeres,periurbano,Total,0.5828
COL,Nueva Esperanza,NA,2019,Mujeres,periurbano,Indígena,0.5498
COL,Nueva Esperanza,NA,2019,Mujeres,periurbano,No indígena,0.4898
COL,Nueva Esperanza,NA,2019,Mujeres,periurbano,Total,0.5076
COL,Nueva Esperanza,NA,2020,Mujeres,periurbano,Indígena,0.6539
COL,Nueva Esperanza,NA,2020,Mujeres,periurbano,No indígena,0.5939
COL,Nueva Esperanza,NA,2020,Mujeres,periurbano,Total,0.6119
COL,Nueva Esperanza,NA,2021,Mujeres,periurbano,Indígena,0.5638
COL,Nueva Esperanza,NA,2021,Mujeres,periurbano,No indígena,0.5038
COL,Nueva Esperanza,NA,2021,Mujeres,periurbano,Total,0.5222
COL,Nueva Esperanza,NA,2022,Mujeres,periurbano,Indígena,0.6205
COL,Nueva Esperanza,NA,2022,Mujeres,periurbano,No indígena,0.5605
COL,Nueva Esperanza,NA,2022,Mujeres,periurbano,Total,0.5786
COL,Nueva Esperanza,NA,2023,Mujeres,periurbano,Indígena,0.616
COL,Nueva Esperanza,NA,2023,Mujeres,periurbano,No indígena,0.556
COL,Nueva Esperanza,NA,2023,Mujeres,periurbano,Total,0.574
COL,Nueva Esperanza,NA,2024,Mujeres,periurbano,Indígena,0.5338
COL,Nueva Esperanza,NA,2024,Mujeres,periurbano,No indígena,0.4738
COL,Nueva Esperanza,NA,2024,Mujeres,periurbano,Total,0.4919
COL,Nueva Esperanza,NA,2025,Mujeres,periurbano,Indígena,0.3918
COL,Nueva Esperanza,NA,2025,Mujeres,periurbano,No indígena,0.3318
COL,Nueva Esperanza,NA,2025,Mujeres,periurbano,Total,0.3499
COL,Nueva Vida,NA,2016,Mujeres,periurbano,Indígena,0.6197
COL,Nueva Vida,NA,2016,Mujeres,periurbano,No indígena,0.5597
COL,Nueva Vida,NA,2016,Mujeres,periurbano,Total,0.5772
COL,Nueva Vida,NA,2017,Mujeres,periurbano,Indígena,0.5395
COL,Nueva Vida,NA,2017,Mujeres,periurbano,No indígena,0.4795
COL,Nueva Vida,NA,2017,Mujeres,periurbano,Total,0.4974
COL,Nueva Vida,NA,2018,Mujeres,periurbano,Indígena,0.3727
COL,Nueva Vida,NA,2018,Mujeres,periurbano,No indígena,0.3127
COL,Nueva Vida,NA,2018,Mujeres,periurbano,Total,0.3305
COL,Nueva Vida,NA,2019,Mujeres,periurbano,Indígena,0.1971
COL,Nueva Vida,NA,2019,Mujeres,periurbano,No indígena,0.1371
COL,Nueva Vida,NA,2019,Mujeres,periurbano,Total,0.155
COL,Nueva Vida,NA,2020,Mujeres,periurbano,Indígena,0.3395
COL,Nueva Vida,NA,2020,Mujeres,periurbano,No indígena,0.2795
COL,Nueva Vida,NA,2020,Mujeres,periurbano,Total,0.2972
COL,Nueva Vida,NA,2021,Mujeres,periurbano,Indígena,0.4414
COL,Nueva Vida,NA,2021,Mujeres,periurbano,No indígena,0.3814
COL,Nueva Vida,NA,2021,Mujeres,periurbano,Total,0.3997
COL,Nueva Vida,NA,2022,Mujeres,periurbano,Indígena,0.2515
COL,Nueva Vida,NA,2022,Mujeres,periurbano,No indígena,0.1915
COL,Nueva Vida,NA,2022,Mujeres,periurbano,Total,0.2094
COL,Nueva Vida,NA,2023,Mujeres,periurbano,Indígena,0.281
COL,Nueva Vida,NA,2023,Mujeres,periurbano,No indígena,0.221
COL,Nueva Vida,NA,2023,Mujeres,periurbano,Total,0.2393
COL,Nueva Vida,NA,2024,Mujeres,periurbano,Indígena,0.2955
COL,Nueva Vida,NA,2024,Mujeres,periurbano,No indígena,0.2355
COL,Nueva Vida,NA,2024,Mujeres,periurbano,Total,0.2538
COL,Nueva Vida,NA,2025,Mujeres,periurbano,Indígena,0.3061
COL,Nueva Vida,NA,2025,Mujeres,periurbano,No indígena,0.2461
COL,Nueva Vida,NA,2025,Mujeres,periurbano,Total,0.2644
COL,Plaza del Valle,NA,2016,Mujeres,rural,Indígena,0.4526
COL,Plaza del Valle,NA,2016,Mujeres,rural,No indígena,0.3926
COL,Plaza del Valle,NA,2016,Mujeres,rural,Total,0.419
COL,Plaza del Valle,NA,2017,Mujeres,rural,Indígena,0.5119
COL,Plaza del Valle,NA,2017,Mujeres,rural,No indígena,0.4519
COL,Plaza del Valle,NA,2017,Mujeres,rural,Total,0.4794
COL,Plaza del Valle,NA,2018,Mujeres,rural,Indígena,0.4803
COL,Plaza del Valle,NA,2018,Mujeres,rural,No indígena,0.4203
COL,Plaza del Valle,NA,2018,Mujeres,rural,Total,0.4478
COL,Plaza del Valle,NA,2019,Mujeres,rural,Indígena,0.446
COL,Plaza del Valle,NA,2019,Mujeres,rural,No indígena,0.386
COL,Plaza del Valle,NA,2019,Mujeres,rural,Total,0.4135
COL,Plaza del Valle,NA,2020,Mujeres,rural,Indígena,0.5919
COL,Plaza del Valle,NA,2020,Mujeres,rural,No indígena,0.5319
COL,Plaza del Valle,NA,2020,Mujeres,rural,Total,0.5592
COL,Plaza del Valle,NA,2021,Mujeres,rural,Indígena,0.5649
COL,Plaza del Valle,NA,2021,Mujeres,rural,No indígena,0.5049
COL,Plaza del Valle,NA,2021,Mujeres,rural,Total,0.531
COL,Plaza del Valle,NA,2022,Mujeres,rural,Indígena,0.6449
COL,Plaza del Valle,NA,2022,Mujeres,rural,No indígena,0.5849
COL,Plaza del Valle,NA,2022,Mujeres,rural,Total,0.61240000000000006
COL,Plaza del Valle,NA,2023,Mujeres,rural,Indígena,0.3935
COL,Plaza del Valle,NA,2023,Mujeres,rural,No indígena,0.3335
COL,Plaza del Valle,NA,2023,Mujeres,rural,Total,0.361
COL,Plaza del Valle,NA,2024,Mujeres,rural,Indígena,0.3411
COL,Plaza del Valle,NA,2024,Mujeres,rural,No indígena,0.2811
COL,Plaza del Valle,NA,2024,Mujeres,rural,Total,0.3086
COL,Plaza del Valle,NA,2025,Mujeres,rural,Indígena,0.3995
COL,Plaza del Valle,NA,2025,Mujeres,rural,No indígena,0.3395
COL,Plaza del Valle,NA,2025,Mujeres,rural,Total,0.367
COL,San Isidro,NA,2016,Mujeres,rural,Indígena,0.7073
COL,San Isidro,NA,2016,Mujeres,rural,No indígena,0.6473
COL,San Isidro,NA,2016,Mujeres,rural,Total,0.6744
COL,San Isidro,NA,2017,Mujeres,rural,Indígena,0.782
COL,San Isidro,NA,2017,Mujeres,rural,No indígena,0.722
COL,San Isidro,NA,2017,Mujeres,rural,Total,0.7491
COL,San Isidro,NA,2018,Mujeres,rural,Indígena,0.7357
COL,San Isidro,NA,2018,Mujeres,rural,No indígena,0.6757
COL,San Isidro,NA,2018,Mujeres,rural,Total,0.7028
COL,San Isidro,NA,2019,Mujeres,rural,Indígena,0.6316
COL,San Isidro,NA,2019,Mujeres,rural,No indígena,0.5716
COL,San Isidro,NA,2019,Mujeres,rural,Total,0.5987
COL,San Isidro,NA,2020,Mujeres,rural,Indígena,0.6661
COL,San Isidro,NA,2020,Mujeres,rural,No indígena,0.6061
COL,San Isidro,NA,2020,Mujeres,rural,Total,0.634
COL,San Isidro,NA,2021,Mujeres,rural,Indígena,0.6559
COL,San Isidro,NA,2021,Mujeres,rural,No indígena,0.5959
COL,San Isidro,NA,2021,Mujeres,rural,Total,0.6228
COL,San Isidro,NA,2022,Mujeres,rural,Indígena,0.6152
COL,San Isidro,NA,2022,Mujeres,rural,No indígena,0.5552
COL,San Isidro,NA,2022,Mujeres,rural,Total,0.5821
COL,San Isidro,NA,2023,Mujeres,rural,Indígena,0.4951
COL,San Isidro,NA,2023,Mujeres,rural,No indígena,0.4351
COL,San Isidro,NA,2023,Mujeres,rural,Total,0.462
COL,San Isidro,NA,2024,Mujeres,rural,Indígena,0.73
COL,San Isidro,NA,2024,Mujeres,rural,No indígena,0.67
COL,San Isidro,NA,2024,Mujeres,rural,Total,0.6969
COL,San Isidro,NA,2025,Mujeres,rural,Indígena,0.8054
COL,San Isidro,NA,2025,Mujeres,rural,No indígena,0.7454
COL,San Isidro,NA,2025,Mujeres,rural,Total,0.7723
COL,San Joaquín,NA,2016,Mujeres,periurbano,Indígena,0.4058
COL,San Joaquín,NA,2016,Mujeres,periurbano,No indígena,0.3458
COL,San Joaquín,NA,2016,Mujeres,periurbano,Total,0.3637
COL,San Joaquín,NA,2017,Mujeres,periurbano,Indígena,0.3182
COL,San Joaquín,NA,2017,Mujeres,periurbano,No indígena,0.2582
COL,San Joaquín,NA,2017,Mujeres,periurbano,Total,0.2761
COL,San Joaquín,NA,2018,Mujeres,periurbano,Indígena,0.419
COL,San Joaquín,NA,2018,Mujeres,periurbano,No indígena,0.359
COL,San Joaquín,NA,2018,Mujeres,periurbano,Total,0.3769
COL,San Joaquín,NA,2019,Mujeres,periurbano,Indígena,0.4183
COL,San Joaquín,NA,2019,Mujeres,periurbano,No indígena,0.3583
COL,San Joaquín,NA,2019,Mujeres,periurbano,Total,0.3765
COL,San Joaquín,NA,2020,Mujeres,periurbano,Indígena,0.472
COL,San Joaquín,NA,2020,Mujeres,periurbano,No indígena,0.412
COL,San Joaquín,NA,2020,Mujeres,periurbano,Total,0.4304
COL,San Joaquín,NA,2021,Mujeres,periurbano,Indígena,0.5719
COL,San Joaquín,NA,2021,Mujeres,periurbano,No indígena,0.5119
COL,San Joaquín,NA,2021,Mujeres,periurbano,Total,0.5297
COL,San Joaquín,NA,2022,Mujeres,periurbano,Indígena,0.5837
COL,San Joaquín,NA,2022,Mujeres,periurbano,No indígena,0.5237
COL,San Joaquín,NA,2022,Mujeres,periurbano,Total,0.5419
COL,San Joaquín,NA,2023,Mujeres,periurbano,Indígena,0.4203
COL,San Joaquín,NA,2023,Mujeres,periurbano,No indígena,0.3603
COL,San Joaquín,NA,2023,Mujeres,periurbano,Total,0.3781
COL,San Joaquín,NA,2024,Mujeres,periurbano,Indígena,0.3715
COL,San Joaquín,NA,2024,Mujeres,periurbano,No indígena,0.3115
COL,San Joaquín,NA,2024,Mujeres,periurbano,Total,0.3293
COL,San Joaquín,NA,2025,Mujeres,periurbano,Indígena,0.278
COL,San Joaquín,NA,2025,Mujeres,periurbano,No indígena,0.218
COL,San Joaquín,NA,2025,Mujeres,periurbano,Total,0.2358
COL,San Martín del Valle,NA,2016,Mujeres,Total,Indígena,0.5004
COL,San Martín del Valle,NA,2016,Mujeres,Total,No indígena,0.3542
COL,San Martín del Valle,NA,2016,Mujeres,Total,Total,0.4001
COL,San Martín del Valle,NA,2016,Mujeres,periurbano,Indígena,0.4441
COL,San Martín del Valle,NA,2016,Mujeres,periurbano,No indígena,0.3851
COL,San Martín del Valle,NA,2016,Mujeres,periurbano,Total,0.4029
COL,San Martín del Valle,NA,2016,Mujeres,rural,Indígena,0.667
COL,San Martín del Valle,NA,2016,Mujeres,rural,No indígena,0.6071
COL,San Martín del Valle,NA,2016,Mujeres,rural,Total,0.634
COL,San Martín del Valle,NA,2016,Mujeres,urbano,Indígena,0.074
COL,San Martín del Valle,NA,2016,Mujeres,urbano,No indígena,0.0348
COL,San Martín del Valle,NA,2016,Mujeres,urbano,Total,0.0407
COL,San Martín del Valle,NA,2017,Mujeres,Total,Indígena,0.5284
COL,San Martín del Valle,NA,2017,Mujeres,Total,No indígena,0.3766
COL,San Martín del Valle,NA,2017,Mujeres,Total,Total,0.4243
COL,San Martín del Valle,NA,2017,Mujeres,periurbano,Indígena,0.4665
COL,San Martín del Valle,NA,2017,Mujeres,periurbano,No indígena,0.4066
COL,San Martín del Valle,NA,2017,Mujeres,periurbano,Total,0.4246
COL,San Martín del Valle,NA,2017,Mujeres,rural,Indígena,0.7042
COL,San Martín del Valle,NA,2017,Mujeres,rural,No indígena,0.6452
COL,San Martín del Valle,NA,2017,Mujeres,rural,Total,0.6717
COL,San Martín del Valle,NA,2017,Mujeres,urbano,Indígena,0.091
COL,San Martín del Valle,NA,2017,Mujeres,urbano,No indígena,0.0442
COL,San Martín del Valle,NA,2017,Mujeres,urbano,Total,0.0512
COL,San Martín del Valle,NA,2018,Mujeres,Total,Indígena,0.5066
COL,San Martín del Valle,NA,2018,Mujeres,Total,No indígena,0.3575
COL,San Martín del Valle,NA,2018,Mujeres,Total,Total,0.4043
COL,San Martín del Valle,NA,2018,Mujeres,periurbano,Indígena,0.442
COL,San Martín del Valle,NA,2018,Mujeres,periurbano,No indígena,0.3818
COL,San Martín del Valle,NA,2018,Mujeres,periurbano,Total,0.3998
COL,San Martín del Valle,NA,2018,Mujeres,rural,Indígena,0.6893
COL,San Martín del Valle,NA,2018,Mujeres,rural,No indígena,0.6321
COL,San Martín del Valle,NA,2018,Mujeres,rural,Total,0.6578
COL,San Martín del Valle,NA,2018,Mujeres,urbano,Indígena,0.061
COL,San Martín del Valle,NA,2018,Mujeres,urbano,No indígena,0.034
COL,San Martín del Valle,NA,2018,Mujeres,urbano,Total,0.0381
COL,San Martín del Valle,NA,2019,Mujeres,Total,Indígena,0.4815
COL,San Martín del Valle,NA,2019,Mujeres,Total,No indígena,0.3407
COL,San Martín del Valle,NA,2019,Mujeres,Total,Total,0.385
COL,San Martín del Valle,NA,2019,Mujeres,periurbano,Indígena,0.4245
COL,San Martín del Valle,NA,2019,Mujeres,periurbano,No indígena,0.3648
COL,San Martín del Valle,NA,2019,Mujeres,periurbano,Total,0.3827
COL,San Martín del Valle,NA,2019,Mujeres,rural,Indígena,0.6385
COL,San Martín del Valle,NA,2019,Mujeres,rural,No indígena,0.5785
COL,San Martín del Valle,NA,2019,Mujeres,rural,Total,0.6056
COL,San Martín del Valle,NA,2019,Mujeres,urbano,Indígena,0.1071
COL,San Martín del Valle,NA,2019,Mujeres,urbano,No indígena,0.0544
COL,San Martín del Valle,NA,2019,Mujeres,urbano,Total,0.0624
COL,San Martín del Valle,NA,2020,Mujeres,Total,Indígena,0.5565
COL,San Martín del Valle,NA,2020,Mujeres,Total,No indígena,0.403
COL,San Martín del Valle,NA,2020,Mujeres,Total,Total,0.4511
COL,San Martín del Valle,NA,2020,Mujeres,periurbano,Indígena,0.5003
COL,San Martín del Valle,NA,2020,Mujeres,periurbano,No indígena,0.4395
COL,San Martín del Valle,NA,2020,Mujeres,periurbano,Total,0.4577
COL,San Martín del Valle,NA,2020,Mujeres,rural,Indígena,0.7276
COL,San Martín del Valle,NA,2020,Mujeres,rural,No indígena,0.6708
COL,San Martín del Valle,NA,2020,Mujeres,rural,Total,0.6963
COL,San Martín del Valle,NA,2020,Mujeres,urbano,Indígena,0.1187
COL,San Martín del Valle,NA,2020,Mujeres,urbano,No indígena,0.0591
COL,San Martín del Valle,NA,2020,Mujeres,urbano,Total,0.0681
COL,San Martín del Valle,NA,2021,Mujeres,Total,Indígena,0.5605
COL,San Martín del Valle,NA,2021,Mujeres,Total,No indígena,0.4068
COL,San Martín del Valle,NA,2021,Mujeres,Total,Total,0.4549
COL,San Martín del Valle,NA,2021,Mujeres,periurbano,Indígena,0.5081
COL,San Martín del Valle,NA,2021,Mujeres,periurbano,No indígena,0.4489
COL,San Martín del Valle,NA,2021,Mujeres,periurbano,Total,0.4667
COL,San Martín del Valle,NA,2021,Mujeres,rural,Indígena,0.7287
COL,San Martín del Valle,NA,2021,Mujeres,rural,No indígena,0.6683
COL,San Martín del Valle,NA,2021,Mujeres,rural,Total,0.6952
COL,San Martín del Valle,NA,2021,Mujeres,urbano,Indígena,0.1096
COL,San Martín del Valle,NA,2021,Mujeres,urbano,No indígena,0.0494
COL,San Martín del Valle,NA,2021,Mujeres,urbano,Total,0.0585
COL,San Martín del Valle,NA,2022,Mujeres,Total,Indígena,0.5247
COL,San Martín del Valle,NA,2022,Mujeres,Total,No indígena,0.3736
COL,San Martín del Valle,NA,2022,Mujeres,Total,Total,0.421
COL,San Martín del Valle,NA,2022,Mujeres,periurbano,Indígena,0.4786
COL,San Martín del Valle,NA,2022,Mujeres,periurbano,No indígena,0.4178
COL,San Martín del Valle,NA,2022,Mujeres,periurbano,Total,0.436
COL,San Martín del Valle,NA,2022,Mujeres,rural,Indígena,0.6797
COL,San Martín del Valle,NA,2022,Mujeres,rural,No indígena,0.6198
COL,San Martín del Valle,NA,2022,Mujeres,rural,Total,0.6468
COL,San Martín del Valle,NA,2022,Mujeres,urbano,Indígena,0.0829
COL,San Martín del Valle,NA,2022,Mujeres,urbano,No indígena,0.0312
COL,San Martín del Valle,NA,2022,Mujeres,urbano,Total,0.0388
COL,San Martín del Valle,NA,2023,Mujeres,Total,Indígena,0.4956
COL,San Martín del Valle,NA,2023,Mujeres,Total,No indígena,0.3544
COL,San Martín del Valle,NA,2023,Mujeres,Total,Total,0.3989
COL,San Martín del Valle,NA,2023,Mujeres,periurbano,Indígena,0.4512
COL,San Martín del Valle,NA,2023,Mujeres,periurbano,No indígena,0.3907
COL,San Martín del Valle,NA,2023,Mujeres,periurbano,Total,0.4089
COL,San Martín del Valle,NA,2023,Mujeres,rural,Indígena,0.6374
COL,San Martín del Valle,NA,2023,Mujeres,rural,No indígena,0.5779
COL,San Martín del Valle,NA,2023,Mujeres,rural,Total,0.6048
COL,San Martín del Valle,NA,2023,Mujeres,urbano,Indígena,0.103
COL,San Martín del Valle,NA,2023,Mujeres,urbano,No indígena,0.0513
COL,San Martín del Valle,NA,2023,Mujeres,urbano,Total,0.059
COL,San Martín del Valle,NA,2024,Mujeres,Total,Indígena,0.4947
COL,San Martín del Valle,NA,2024,Mujeres,Total,No indígena,0.348
COL,San Martín del Valle,NA,2024,Mujeres,Total,Total,0.3942
COL,San Martín del Valle,NA,2024,Mujeres,periurbano,Indígena,0.4453
COL,San Martín del Valle,NA,2024,Mujeres,periurbano,No indígena,0.3847
COL,San Martín del Valle,NA,2024,Mujeres,periurbano,Total,0.4029
COL,San Martín del Valle,NA,2024,Mujeres,rural,Indígena,0.6547
COL,San Martín del Valle,NA,2024,Mujeres,rural,No indígena,0.5957
COL,San Martín del Valle,NA,2024,Mujeres,rural,Total,0.6222
COL,San Martín del Valle,NA,2024,Mujeres,urbano,Indígena,0.0523
COL,San Martín del Valle,NA,2024,Mujeres,urbano,No indígena,0.0204
COL,San Martín del Valle,NA,2024,Mujeres,urbano,Total,0.0252
COL,San Martín del Valle,NA,2025,Mujeres,Total,Indígena,0.4764
COL,San Martín del Valle,NA,2025,Mujeres,Total,No indígena,0.3304
COL,San Martín del Valle,NA,2025,Mujeres,Total,Total,0.3762
COL,San Martín del Valle,NA,2025,Mujeres,periurbano,Indígena,0.4034
COL,San Martín del Valle,NA,2025,Mujeres,periurbano,No indígena,0.3441
COL,San Martín del Valle,NA,2025,Mujeres,periurbano,Total,0.3619
COL,San Martín del Valle,NA,2025,Mujeres,rural,Indígena,0.6639
COL,San Martín del Valle,NA,2025,Mujeres,rural,No indígena,0.604
COL,San Martín del Valle,NA,2025,Mujeres,rural,Total,0.6308
COL,San Martín del Valle,NA,2025,Mujeres,urbano,Indígena,0.0491
COL,San Martín del Valle,NA,2025,Mujeres,urbano,No indígena,0.0294
COL,San Martín del Valle,NA,2025,Mujeres,urbano,Total,0.0323
COL,San Rafael,NA,2016,Mujeres,urbano,Indígena,0.0484
COL,San Rafael,NA,2016,Mujeres,urbano,No indígena,0.02
COL,San Rafael,NA,2016,Mujeres,urbano,Total,0.0243
COL,San Rafael,NA,2017,Mujeres,urbano,Indígena,0.1029
COL,San Rafael,NA,2017,Mujeres,urbano,No indígena,0.0429
COL,San Rafael,NA,2017,Mujeres,urbano,Total,0.052
COL,San Rafael,NA,2018,Mujeres,urbano,Indígena,0.0482
COL,San Rafael,NA,2018,Mujeres,urbano,No indígena,0.02
COL,San Rafael,NA,2018,Mujeres,urbano,Total,0.0243
COL,San Rafael,NA,2019,Mujeres,urbano,Indígena,0.0571
COL,San Rafael,NA,2019,Mujeres,urbano,No indígena,0.02
COL,San Rafael,NA,2019,Mujeres,urbano,Total,0.0257
COL,San Rafael,NA,2020,Mujeres,urbano,Indígena,0.1016
COL,San Rafael,NA,2020,Mujeres,urbano,No indígena,0.0416
COL,San Rafael,NA,2020,Mujeres,urbano,Total,0.0507
COL,San Rafael,NA,2021,Mujeres,urbano,Indígena,0.1072
COL,San Rafael,NA,2021,Mujeres,urbano,No indígena,0.0472
COL,San Rafael,NA,2021,Mujeres,urbano,Total,0.0561
COL,San Rafael,NA,2022,Mujeres,urbano,Indígena,0.0781
COL,San Rafael,NA,2022,Mujeres,urbano,No indígena,0.02
COL,San Rafael,NA,2022,Mujeres,urbano,Total,0.0284
COL,San Rafael,NA,2023,Mujeres,urbano,Indígena,0.182
COL,San Rafael,NA,2023,Mujeres,urbano,No indígena,0.122
COL,San Rafael,NA,2023,Mujeres,urbano,Total,0.1308
COL,San Rafael,NA,2024,Mujeres,urbano,Indígena,0.0373
COL,San Rafael,NA,2024,Mujeres,urbano,No indígena,0.02
COL,San Rafael,NA,2024,Mujeres,urbano,Total,0.0225
COL,San Rafael,NA,2025,Mujeres,urbano,Indígena,0.02
COL,San Rafael,NA,2025,Mujeres,urbano,No indígena,0.02
COL,San Rafael,NA,2025,Mujeres,urbano,Total,0.02
COL,Santa Ana,NA,2016,Mujeres,rural,Indígena,0.6614
COL,Santa Ana,NA,2016,Mujeres,rural,No indígena,0.6014
COL,Santa Ana,NA,2016,Mujeres,rural,Total,0.6274
COL,Santa Ana,NA,2017,Mujeres,rural,Indígena,0.8025
COL,Santa Ana,NA,2017,Mujeres,rural,No indígena,0.7425
COL,Santa Ana,NA,2017,Mujeres,rural,Total,0.7686
COL,Santa Ana,NA,2018,Mujeres,rural,Indígena,0.9
COL,Santa Ana,NA,2018,Mujeres,rural,No indígena,0.9
COL,Santa Ana,NA,2018,Mujeres,rural,Total,0.9
COL,Santa Ana,NA,2019,Mujeres,rural,Indígena,0.6367
COL,Santa Ana,NA,2019,Mujeres,rural,No indígena,0.5767
COL,Santa Ana,NA,2019,Mujeres,rural,Total,0.604
COL,Santa Ana,NA,2020,Mujeres,rural,Indígena,0.6314
COL,Santa Ana,NA,2020,Mujeres,rural,No indígena,0.5714
COL,Santa Ana,NA,2020,Mujeres,rural,Total,0.5971
COL,Santa Ana,NA,2021,Mujeres,rural,Indígena,0.7255
COL,Santa Ana,NA,2021,Mujeres,rural,No indígena,0.6655
COL,Santa Ana,NA,2021,Mujeres,rural,Total,0.6928
COL,Santa Ana,NA,2022,Mujeres,rural,Indígena,0.7654
COL,Santa Ana,NA,2022,Mujeres,rural,No indígena,0.7054
COL,Santa Ana,NA,2022,Mujeres,rural,Total,0.7327
COL,Santa Ana,NA,2023,Mujeres,rural,Indígena,0.8276
COL,Santa Ana,NA,2023,Mujeres,rural,No indígena,0.7676
COL,Santa Ana,NA,2023,Mujeres,rural,Total,0.7949
COL,Santa Ana,NA,2024,Mujeres,rural,Indígena,0.8753
COL,Santa Ana,NA,2024,Mujeres,rural,No indígena,0.8153
COL,Santa Ana,NA,2024,Mujeres,rural,Total,0.8425
COL,Santa Ana,NA,2025,Mujeres,rural,Indígena,0.7305
COL,Santa Ana,NA,2025,Mujeres,rural,No indígena,0.6705
COL,Santa Ana,NA,2025,Mujeres,rural,Total,0.6978
COL,Santa Elena,NA,2016,Mujeres,periurbano,Indígena,0.3417
COL,Santa Elena,NA,2016,Mujeres,periurbano,No indígena,0.2817
COL,Santa Elena,NA,2016,Mujeres,periurbano,Total,0.2998
COL,Santa Elena,NA,2017,Mujeres,periurbano,Indígena,0.4239
COL,Santa Elena,NA,2017,Mujeres,periurbano,No indígena,0.3639
COL,Santa Elena,NA,2017,Mujeres,periurbano,Total,0.382
COL,Santa Elena,NA,2018,Mujeres,periurbano,Indígena,0.481
COL,Santa Elena,NA,2018,Mujeres,periurbano,No indígena,0.421
COL,Santa Elena,NA,2018,Mujeres,periurbano,Total,0.4391
COL,Santa Elena,NA,2019,Mujeres,periurbano,Indígena,0.3808
COL,Santa Elena,NA,2019,Mujeres,periurbano,No indígena,0.3208
COL,Santa Elena,NA,2019,Mujeres,periurbano,Total,0.3392
COL,Santa Elena,NA,2020,Mujeres,periurbano,Indígena,0.4471
COL,Santa Elena,NA,2020,Mujeres,periurbano,No indígena,0.3871
COL,Santa Elena,NA,2020,Mujeres,periurbano,Total,0.4046
COL,Santa Elena,NA,2021,Mujeres,periurbano,Indígena,0.4501
COL,Santa Elena,NA,2021,Mujeres,periurbano,No indígena,0.3901
COL,Santa Elena,NA,2021,Mujeres,periurbano,Total,0.4081
COL,Santa Elena,NA,2022,Mujeres,periurbano,Indígena,0.3365
COL,Santa Elena,NA,2022,Mujeres,periurbano,No indígena,0.2765
COL,Santa Elena,NA,2022,Mujeres,periurbano,Total,0.2942
COL,Santa Elena,NA,2023,Mujeres,periurbano,Indígena,0.3816
COL,Santa Elena,NA,2023,Mujeres,periurbano,No indígena,0.3216
COL,Santa Elena,NA,2023,Mujeres,periurbano,Total,0.3396
COL,Santa Elena,NA,2024,Mujeres,periurbano,Indígena,0.3215
COL,Santa Elena,NA,2024,Mujeres,periurbano,No indígena,0.2615
COL,Santa Elena,NA,2024,Mujeres,periurbano,Total,0.2795
COL,Santa Elena,NA,2025,Mujeres,periurbano,Indígena,0.3224
COL,Santa Elena,NA,2025,Mujeres,periurbano,No indígena,0.2624
COL,Santa Elena,NA,2025,Mujeres,periurbano,Total,0.2804
COL,Santa Lucía,NA,2016,Mujeres,rural,Indígena,0.8749
COL,Santa Lucía,NA,2016,Mujeres,rural,No indígena,0.8149
COL,Santa Lucía,NA,2016,Mujeres,rural,Total,0.842
COL,Santa Lucía,NA,2017,Mujeres,rural,Indígena,0.8968
COL,Santa Lucía,NA,2017,Mujeres,rural,No indígena,0.8368
COL,Santa Lucía,NA,2017,Mujeres,rural,Total,0.8638
COL,Santa Lucía,NA,2018,Mujeres,rural,Indígena,0.752
COL,Santa Lucía,NA,2018,Mujeres,rural,No indígena,0.692
COL,Santa Lucía,NA,2018,Mujeres,rural,Total,0.7189
COL,Santa Lucía,NA,2019,Mujeres,rural,Indígena,0.7819
COL,Santa Lucía,NA,2019,Mujeres,rural,No indígena,0.7219
COL,Santa Lucía,NA,2019,Mujeres,rural,Total,0.7488
COL,Santa Lucía,NA,2020,Mujeres,rural,Indígena,0.7163
COL,Santa Lucía,NA,2020,Mujeres,rural,No indígena,0.6563
COL,Santa Lucía,NA,2020,Mujeres,rural,Total,0.683
COL,Santa Lucía,NA,2021,Mujeres,rural,Indígena,0.772
COL,Santa Lucía,NA,2021,Mujeres,rural,No indígena,0.712
COL,Santa Lucía,NA,2021,Mujeres,rural,Total,0.7389
COL,Santa Lucía,NA,2022,Mujeres,rural,Indígena,0.6797
COL,Santa Lucía,NA,2022,Mujeres,rural,No indígena,0.6197
COL,Santa Lucía,NA,2022,Mujeres,rural,Total,0.6465
COL,Santa Lucía,NA,2023,Mujeres,rural,Indígena,0.7034
COL,Santa Lucía,NA,2023,Mujeres,rural,No indígena,0.6434
COL,Santa Lucía,NA,2023,Mujeres,rural,Total,0.6703
COL,Santa Lucía,NA,2024,Mujeres,rural,Indígena,0.6779
COL,Santa Lucía,NA,2024,Mujeres,rural,No indígena,0.6179
COL,Santa Lucía,NA,2024,Mujeres,rural,Total,0.6448
COL,Santa Lucía,NA,2025,Mujeres,rural,Indígena,0.8082
COL,Santa Lucía,NA,2025,Mujeres,rural,No indígena,0.7482
COL,Santa Lucía,NA,2025,Mujeres,rural,Total,0.7751
COL,Santa Rosa,NA,2016,Mujeres,periurbano,Indígena,0.3772
COL,Santa Rosa,NA,2016,Mujeres,periurbano,No indígena,0.3172
COL,Santa Rosa,NA,2016,Mujeres,periurbano,Total,0.3354
COL,Santa Rosa,NA,2017,Mujeres,periurbano,Indígena,0.4119
COL,Santa Rosa,NA,2017,Mujeres,periurbano,No indígena,0.3519
COL,Santa Rosa,NA,2017,Mujeres,periurbano,Total,0.3701
COL,Santa Rosa,NA,2018,Mujeres,periurbano,Indígena,0.2904
COL,Santa Rosa,NA,2018,Mujeres,periurbano,No indígena,0.2304
COL,Santa Rosa,NA,2018,Mujeres,periurbano,Total,0.2486
COL,Santa Rosa,NA,2019,Mujeres,periurbano,Indígena,0.2696
COL,Santa Rosa,NA,2019,Mujeres,periurbano,No indígena,0.2096
COL,Santa Rosa,NA,2019,Mujeres,periurbano,Total,0.2279
COL,Santa Rosa,NA,2020,Mujeres,periurbano,Indígena,0.3238
COL,Santa Rosa,NA,2020,Mujeres,periurbano,No indígena,0.2638
COL,Santa Rosa,NA,2020,Mujeres,periurbano,Total,0.2815
COL,Santa Rosa,NA,2021,Mujeres,periurbano,Indígena,0.36
COL,Santa Rosa,NA,2021,Mujeres,periurbano,No indígena,0.3
COL,Santa Rosa,NA,2021,Mujeres,periurbano,Total,0.3181
COL,Santa Rosa,NA,2022,Mujeres,periurbano,Indígena,0.3588
COL,Santa Rosa,NA,2022,Mujeres,periurbano,No indígena,0.2988
COL,Santa Rosa,NA,2022,Mujeres,periurbano,Total,0.3165
COL,Santa Rosa,NA,2023,Mujeres,periurbano,Indígena,0.2692
COL,Santa Rosa,NA,2023,Mujeres,periurbano,No indígena,0.2092
COL,Santa Rosa,NA,2023,Mujeres,periurbano,Total,0.2269
COL,Santa Rosa,NA,2024,Mujeres,periurbano,Indígena,0.3882
COL,Santa Rosa,NA,2024,Mujeres,periurbano,No indígena,0.3282
COL,Santa Rosa,NA,2024,Mujeres,periurbano,Total,0.346
COL,Santa Rosa,NA,2025,Mujeres,periurbano,Indígena,0.3947
COL,Santa Rosa,NA,2025,Mujeres,periurbano,No indígena,0.3347
COL,Santa Rosa,NA,2025,Mujeres,periurbano,Total,0.3528
COL,Villa Esperanza,NA,2016,Mujeres,rural,Indígena,0.6559
COL,Villa Esperanza,NA,2016,Mujeres,rural,No indígena,0.5959
COL,Villa Esperanza,NA,2016,Mujeres,rural,Total,0.6232
COL,Villa Esperanza,NA,2017,Mujeres,rural,Indígena,0.8385
COL,Villa Esperanza,NA,2017,Mujeres,rural,No indígena,0.7785
COL,Villa Esperanza,NA,2017,Mujeres,rural,Total,0.8058
COL,Villa Esperanza,NA,2018,Mujeres,rural,Indígena,0.758
COL,Villa Esperanza,NA,2018,Mujeres,rural,No indígena,0.698
COL,Villa Esperanza,NA,2018,Mujeres,rural,Total,0.7253
COL,Villa Esperanza,NA,2019,Mujeres,rural,Indígena,0.7915
COL,Villa Esperanza,NA,2019,Mujeres,rural,No indígena,0.7315
COL,Villa Esperanza,NA,2019,Mujeres,rural,Total,0.7588
COL,Villa Esperanza,NA,2020,Mujeres,rural,Indígena,0.8721
COL,Villa Esperanza,NA,2020,Mujeres,rural,No indígena,0.8121
COL,Villa Esperanza,NA,2020,Mujeres,rural,Total,0.8391
COL,Villa Esperanza,NA,2021,Mujeres,rural,Indígena,0.5727
COL,Villa Esperanza,NA,2021,Mujeres,rural,No indígena,0.5127
COL,Villa Esperanza,NA,2021,Mujeres,rural,Total,0.5384
COL,Villa Esperanza,NA,2022,Mujeres,rural,Indígena,0.6236
COL,Villa Esperanza,NA,2022,Mujeres,rural,No indígena,0.5636
COL,Villa Esperanza,NA,2022,Mujeres,rural,Total,0.5908
COL,Villa Esperanza,NA,2023,Mujeres,rural,Indígena,0.7038
COL,Villa Esperanza,NA,2023,Mujeres,rural,No indígena,0.6438
COL,Villa Esperanza,NA,2023,Mujeres,rural,Total,0.6711
COL,Villa Esperanza,NA,2024,Mujeres,rural,Indígena,0.5241
COL,Villa Esperanza,NA,2024,Mujeres,rural,No indígena,0.4641
COL,Villa Esperanza,NA,2024,Mujeres,rural,Total,0.4914
COL,Villa Esperanza,NA,2025,Mujeres,rural,Indígena,0.6763
COL,Villa Esperanza,NA,2025,Mujeres,rural,No indígena,0.6163
COL,Villa Esperanza,NA,2025,Mujeres,rural,Total,0.642
COL,Villa Norte,NA,2016,Mujeres,periurbano,Indígena,0.3978
COL,Villa Norte,NA,2016,Mujeres,periurbano,No indígena,0.3378
COL,Villa Norte,NA,2016,Mujeres,periurbano,Total,0.3559
COL,Villa Norte,NA,2017,Mujeres,periurbano,Indígena,0.3928
COL,Villa Norte,NA,2017,Mujeres,periurbano,No indígena,0.3328
COL,Villa Norte,NA,2017,Mujeres,periurbano,Total,0.351
COL,Villa Norte,NA,2018,Mujeres,periurbano,Indígena,0.3716
COL,Villa Norte,NA,2018,Mujeres,periurbano,No indígena,0.3116
COL,Villa Norte,NA,2018,Mujeres,periurbano,Total,0.3295
COL,Villa Norte,NA,2019,Mujeres,periurbano,Indígena,0.331
COL,Villa Norte,NA,2019,Mujeres,periurbano,No indígena,0.271
COL,Villa Norte,NA,2019,Mujeres,periurbano,Total,0.2889
COL,Villa Norte,NA,2020,Mujeres,periurbano,Indígena,0.417
COL,Villa Norte,NA,2020,Mujeres,periurbano,No indígena,0.357
COL,Villa Norte,NA,2020,Mujeres,periurbano,Total,0.375
COL,Villa Norte,NA,2021,Mujeres,periurbano,Indígena,0.6593
COL,Villa Norte,NA,2021,Mujeres,periurbano,No indígena,0.5993
COL,Villa Norte,NA,2021,Mujeres,periurbano,Total,0.617
COL,Villa Norte,NA,2022,Mujeres,periurbano,Indígena,0.5241
COL,Villa Norte,NA,2022,Mujeres,periurbano,No indígena,0.4641
COL,Villa Norte,NA,2022,Mujeres,periurbano,Total,0.4822
COL,Villa Norte,NA,2023,Mujeres,periurbano,Indígena,0.3848
COL,Villa Norte,NA,2023,Mujeres,periurbano,No indígena,0.3248
COL,Villa Norte,NA,2023,Mujeres,periurbano,Total,0.3429
COL,Villa Norte,NA,2024,Mujeres,periurbano,Indígena,0.4504
COL,Villa Norte,NA,2024,Mujeres,periurbano,No indígena,0.3904
COL,Villa Norte,NA,2024,Mujeres,periurbano,Total,0.4085
COL,Villa Norte,NA,2025,Mujeres,periurbano,Indígena,0.2261
COL,Villa Norte,NA,2025,Mujeres,periurbano,No indígena,0.1661
COL,Villa Norte,NA,2025,Mujeres,periurbano,Total,0.1845
COL,Villa Sur,NA,2016,Mujeres,rural,Indígena,0.5209
COL,Villa Sur,NA,2016,Mujeres,rural,No indígena,0.4609
COL,Villa Sur,NA,2016,Mujeres,rural,Total,0.4887
COL,Villa Sur,NA,2017,Mujeres,rural,Indígena,0.4236
COL,Villa Sur,NA,2017,Mujeres,rural,No indígena,0.3636
COL,Villa Sur,NA,2017,Mujeres,rural,Total,0.3915
COL,Villa Sur,NA,2018,Mujeres,rural,Indígena,0.4735
COL,Villa Sur,NA,2018,Mujeres,rural,No indígena,0.4135
COL,Villa Sur,NA,2018,Mujeres,rural,Total,0.4402
COL,Villa Sur,NA,2019,Mujeres,rural,Indígena,0.5218
COL,Villa Sur,NA,2019,Mujeres,rural,No indígena,0.4618
COL,Villa Sur,NA,2019,Mujeres,rural,Total,0.4884
COL,Villa Sur,NA,2020,Mujeres,rural,Indígena,0.6949
COL,Villa Sur,NA,2020,Mujeres,rural,No indígena,0.6349
COL,Villa Sur,NA,2020,Mujeres,rural,Total,0.6626
COL,Villa Sur,NA,2021,Mujeres,rural,Indígena,0.7185
COL,Villa Sur,NA,2021,Mujeres,rural,No indígena,0.6585
COL,Villa Sur,NA,2021,Mujeres,rural,Total,0.6852
COL,Villa Sur,NA,2022,Mujeres,rural,Indígena,0.5621
COL,Villa Sur,NA,2022,Mujeres,rural,No indígena,0.5021
COL,Villa Sur,NA,2022,Mujeres,rural,Total,0.5287
COL,Villa Sur,NA,2023,Mujeres,rural,Indígena,0.7028
COL,Villa Sur,NA,2023,Mujeres,rural,No indígena,0.6428
COL,Villa Sur,NA,2023,Mujeres,rural,Total,0.6695
COL,Villa Sur,NA,2024,Mujeres,rural,Indígena,0.6346
COL,Villa Sur,NA,2024,Mujeres,rural,No indígena,0.5746
COL,Villa Sur,NA,2024,Mujeres,rural,Total,0.6012
COL,Villa Sur,NA,2025,Mujeres,rural,Indígena,0.6735
COL,Villa Sur,NA,2025,Mujeres,rural,No indígena,0.6135
COL,Villa Sur,NA,2025,Mujeres,rural,Total,0.6402
COL,Vista Hermosa,NA,2016,Mujeres,rural,Indígena,0.6126
COL,Vista Hermosa,NA,2016,Mujeres,rural,No indígena,0.5526
COL,Vista Hermosa,NA,2016,Mujeres,rural,Total,0.5801
COL,Vista Hermosa,NA,2017,Mujeres,rural,Indígena,0.7903
COL,Vista Hermosa,NA,2017,Mujeres,rural,No indígena,0.7303
COL,Vista Hermosa,NA,2017,Mujeres,rural,Total,0.7578
COL,Vista Hermosa,NA,2018,Mujeres,rural,Indígena,0.6919
COL,Vista Hermosa,NA,2018,Mujeres,rural,No indígena,0.6319
COL,Vista Hermosa,NA,2018,Mujeres,rural,Total,0.6594
COL,Vista Hermosa,NA,2019,Mujeres,rural,Indígena,0.6256
COL,Vista Hermosa,NA,2019,Mujeres,rural,No indígena,0.5656
COL,Vista Hermosa,NA,2019,Mujeres,rural,Total,0.5931
COL,Vista Hermosa,NA,2020,Mujeres,rural,Indígena,0.7928
COL,Vista Hermosa,NA,2020,Mujeres,rural,No indígena,0.7328
COL,Vista Hermosa,NA,2020,Mujeres,rural,Total,0.7601
COL,Vista Hermosa,NA,2021,Mujeres,rural,Indígena,0.8544
COL,Vista Hermosa,NA,2021,Mujeres,rural,No indígena,0.7944
COL,Vista Hermosa,NA,2021,Mujeres,rural,Total,0.8205
COL,Vista Hermosa,NA,2022,Mujeres,rural,Indígena,0.7265
COL,Vista Hermosa,NA,2022,Mujeres,rural,No indígena,0.6665
COL,Vista Hermosa,NA,2022,Mujeres,rural,Total,0.6925
COL,Vista Hermosa,NA,2023,Mujeres,rural,Indígena,0.581
COL,Vista Hermosa,NA,2023,Mujeres,rural,No indígena,0.521
COL,Vista Hermosa,NA,2023,Mujeres,rural,Total,0.5471
COL,Vista Hermosa,NA,2024,Mujeres,rural,Indígena,0.6478
COL,Vista Hermosa,NA,2024,Mujeres,rural,No indígena,0.5878
COL,Vista Hermosa,NA,2024,Mujeres,rural,Total,0.6138
COL,Vista Hermosa,NA,2025,Mujeres,rural,Indígena,0.7917
COL,Vista Hermosa,NA,2025,Mujeres,rural,No indígena,0.7317
COL,Vista Hermosa,NA,2025,Mujeres,rural,Total,0.7578
